// Convert fonts here: https://vlw-font-creator.m5stack.com/

// Make icon sets: https://fontello.com/
// Open demo.html and check show codes to see codes

// Bin2cpp: https://anrijs.lv/bin2cpp/


//File: icons.vlw, Size: 6369
static const byte Icons_48[] PROGMEM  = {
0x00, 0x00, 0x00, 0x03, 0x00, 0x00, 0x00, 0x0B, 0x00, 0x00, 0x00, 0x30, 0x00, 0x00, 0x00, 0x00, 
0x00, 0x00, 0x00, 0x29, 0xFF, 0xFF, 0xFF, 0xF8, 0x00, 0x00, 0xE8, 0x00, 0x00, 0x00, 0x00, 0x31, 
0x00, 0x00, 0x00, 0x35, 0x00, 0x00, 0x00, 0x34, 0x00, 0x00, 0x00, 0x29, 0xFF, 0xFF, 0xFF, 0xFF, 
0x00, 0x00, 0x00, 0x00, 0x00, 0x00, 0xE8, 0x01, 0x00, 0x00, 0x00, 0x2A, 0x00, 0x00, 0x00, 0x2A, 
0x00, 0x00, 0x00, 0x2A, 0x00, 0x00, 0x00, 0x26, 0x00, 0x00, 0x00, 0x00, 0x00, 0x00, 0x00, 0x00, 
0x00, 0x00, 0xF0, 0xE0, 0x00, 0x00, 0x00, 0x26, 0x00, 0x00, 0x00, 0x32, 0x00, 0x00, 0x00, 0x31, 
0x00, 0x00, 0x00, 0x22, 0xFF, 0xFF, 0xFF, 0xFF, 0x00, 0x00, 0x00, 0x00, 0x00, 0x00, 0x00, 0x00, 
0x00, 0x00, 0x00, 0x00, 0x2D, 0x83, 0xB1, 0xBC, 0xA2, 0x60, 0x0A, 0x00, 0x00, 0x00, 0x00, 0x00, 
0x00, 0x00, 0x00, 0x00, 0x00, 0x00, 0x00, 0x00, 0x00, 0x00, 0x00, 0x00, 0x00, 0x00, 0x00, 0x00, 
0x00, 0x00, 0x00, 0x39, 0x8C, 0xB4, 0xBA, 0x9C, 0x55, 0x04, 0x00, 0x00, 0x00, 0x00, 0x00, 0x00, 
0x00, 0x00, 0x00, 0x00, 0x00, 0x00, 0x00, 0x08, 0x9A, 0xFE, 0xFF, 0xFF, 0xFF, 0xFF, 0xFF, 0xE4, 
0x47, 0x00, 0x00, 0x00, 0x00, 0x00, 0x00, 0x00, 0x00, 0x00, 0x00, 0x00, 0x00, 0x00, 0x00, 0x00, 
0x00, 0x00, 0x00, 0x00, 0x00, 0x00, 0x12, 0xB2, 0xFF, 0xFF, 0xFF, 0xFF, 0xFF, 0xFF, 0xD9, 0x33, 
0x00, 0x00, 0x00, 0x00, 0x00, 0x00, 0x00, 0x00, 0x00, 0x00, 0x00, 0x06, 0xBF, 0xFF, 0xFF, 0xFF, 
0xFF, 0xFF, 0xFF, 0xFF, 0xFF, 0xFC, 0x55, 0x00, 0x00, 0x00, 0x00, 0x00, 0x00, 0x00, 0x00, 0x00, 
0x00, 0x00, 0x00, 0x00, 0x00, 0x00, 0x00, 0x00, 0x00, 0x00, 0x12, 0xD8, 0xFF, 0xFF, 0xFF, 0xFF, 
0xFF, 0xFF, 0xFF, 0xFF, 0xF6, 0x3C, 0x00, 0x00, 0x00, 0x00, 0x00, 0x00, 0x00, 0x00, 0x00, 0x00, 
0x8D, 0xFF, 0xFF, 0xFF, 0xFF, 0xFF, 0xFF, 0xFF, 0xFF, 0xFF, 0xFF, 0xF6, 0x21, 0x00, 0x00, 0x00, 
0x00, 0x00, 0x00, 0x00, 0x00, 0x00, 0x00, 0x00, 0x00, 0x00, 0x00, 0x00, 0x00, 0x00, 0x00, 0xB1, 
0xFF, 0xFF, 0xFF, 0xFF, 0xFF, 0xFF, 0xFF, 0xFF, 0xFF, 0xFF, 0xE9, 0x10, 0x00, 0x00, 0x00, 0x00, 
0x00, 0x00, 0x00, 0x00, 0x18, 0xF9, 0xFF, 0xFF, 0xFF, 0xFF, 0xFF, 0xFF, 0xFF, 0xFF, 0xFF, 0xFF, 
0xFF, 0x9E, 0x00, 0x00, 0x00, 0x00, 0x00, 0x00, 0x00, 0x00, 0x00, 0x00, 0x00, 0x00, 0x00, 0x00, 
0x00, 0x00, 0x00, 0x36, 0xFF, 0xFF, 0xFF, 0xFF, 0xFF, 0xFF, 0xFF, 0xFF, 0xFF, 0xFF, 0xFF, 0xFF, 
0x81, 0x00, 0x00, 0x00, 0x00, 0x00, 0x00, 0x00, 0x00, 0x64, 0xFF, 0xFF, 0xFF, 0xFF, 0xFF, 0xFF, 
0xFF, 0xFF, 0xFF, 0xFF, 0xFF, 0xFF, 0xED, 0x01, 0x00, 0x00, 0x00, 0x00, 0x00, 0x00, 0x00, 0x00, 
0x00, 0x00, 0x00, 0x00, 0x00, 0x00, 0x00, 0x00, 0x88, 0xFF, 0xFF, 0xFF, 0xFF, 0xFF, 0xFF, 0xFF, 
0xFF, 0xFF, 0xFF, 0xFF, 0xFF, 0xD2, 0x00, 0x00, 0x00, 0x00, 0x00, 0x00, 0x00, 0x00, 0x8A, 0xFF, 
0xFF, 0xFF, 0xFF, 0xFF, 0xFF, 0xFF, 0xFF, 0xFF, 0xFF, 0xFF, 0xFF, 0xFF, 0x15, 0x00, 0x00, 0x00, 
0x00, 0x00, 0x00, 0x00, 0x00, 0x00, 0x00, 0x00, 0x00, 0x00, 0x00, 0x00, 0x00, 0xAE, 0xFF, 0xFF, 
0xFF, 0xFF, 0xFF, 0xFF, 0xFF, 0xFF, 0xFF, 0xFF, 0xFF, 0xFF, 0xF8, 0x00, 0x00, 0x00, 0x00, 0x00, 
0x00, 0x00, 0x00, 0x8E, 0xFF, 0xFF, 0xFF, 0xFF, 0xFF, 0xFF, 0xFF, 0xFF, 0xFF, 0xFF, 0xFF, 0xFF, 
0xFF, 0x19, 0x00, 0x00, 0x00, 0x09, 0x4F, 0x9B, 0xC3, 0xDF, 0xDA, 0xC8, 0x90, 0x43, 0x00, 0x00, 
0x00, 0x00, 0xB2, 0xFF, 0xFF, 0xFF, 0xFF, 0xFF, 0xFF, 0xFF, 0xFF, 0xFF, 0xFF, 0xFF, 0xFF, 0xFB, 
0x01, 0x00, 0x00, 0x00, 0x00, 0x00, 0x00, 0x00, 0x6F, 0xFF, 0xFF, 0xFF, 0xFF, 0xFF, 0xFF, 0xFF, 
0xFF, 0xFF, 0xFF, 0xFF, 0xFF, 0xF6, 0x03, 0x00, 0x03, 0x6A, 0xE8, 0xFF, 0xFF, 0xFF, 0xFF, 0xFF, 
0xFF, 0xFF, 0xFF, 0xC3, 0x30, 0x00, 0x00, 0x93, 0xFF, 0xFF, 0xFF, 0xFF, 0xFF, 0xFF, 0xFF, 0xFF, 
0xFF, 0xFF, 0xFF, 0xFF, 0xDE, 0x00, 0x00, 0x00, 0x00, 0x00, 0x00, 0x00, 0x00, 0x26, 0xFF, 0xFF, 
0xFF, 0xFF, 0xFF, 0xFF, 0xFF, 0xFF, 0xFF, 0xFF, 0xFF, 0xFF, 0xB0, 0x00, 0x12, 0xBB, 0xFF, 0xFF, 
0xFF, 0xFF, 0xFF, 0xFF, 0xFF, 0xFF, 0xFF, 0xFF, 0xFF, 0xF5, 0x4D, 0x00, 0x49, 0xFF, 0xFF, 0xFF, 
0xFF, 0xFF, 0xFF, 0xFF, 0xFF, 0xFF, 0xFF, 0xFF, 0xFF, 0x94, 0x00, 0x00, 0x00, 0x00, 0x00, 0x00, 
0x00, 0x00, 0x00, 0xAA, 0xFF, 0xFF, 0xFF, 0xFF, 0xFF, 0xFF, 0xFF, 0xFF, 0xFF, 0xFF, 0xFE, 0x36, 
0x0F, 0xD5, 0xFF, 0xFF, 0xFF, 0xFF, 0xFF, 0xFF, 0xFF, 0xFF, 0xFF, 0xFF, 0xFF, 0xFF, 0xFF, 0xFC, 
0x45, 0x01, 0xCC, 0xFF, 0xFF, 0xFF, 0xFF, 0xFF, 0xFF, 0xFF, 0xFF, 0xFF, 0xFF, 0xF7, 0x1F, 0x00, 
0x00, 0x00, 0x00, 0x00, 0x00, 0x00, 0x00, 0x00, 0x14, 0xDD, 0xFF, 0xFF, 0xFF, 0xFF, 0xFF, 0xFF, 
0xFF, 0xFF, 0xFF, 0x7C, 0x01, 0xBA, 0xFF, 0xFF, 0xFF, 0xFF, 0xFF, 0xFF, 0xFF, 0xFF, 0xFF, 0xFF, 
0xFF, 0xFF, 0xFF, 0xFF, 0xFF, 0xEC, 0x1E, 0x26, 0xEE, 0xFF, 0xFF, 0xFF, 0xFF, 0xFF, 0xFF, 0xFF, 
0xFF, 0xFF, 0x5E, 0x00, 0x00, 0x00, 0x00, 0x00, 0x00, 0x00, 0x00, 0x00, 0x00, 0x00, 0x1B, 0xC9, 
0xFF, 0xFF, 0xFF, 0xFF, 0xFF, 0xFF, 0xFB, 0x75, 0x00, 0x57, 0xFF, 0xFF, 0xFF, 0xFF, 0xFF, 0xFF, 
0xFF, 0xFF, 0xFF, 0xFF, 0xFF, 0xFF, 0xFF, 0xFF, 0xFF, 0xFF, 0xFF, 0xA6, 0x00, 0x2C, 0xDC, 0xFF, 
0xFF, 0xFF, 0xFF, 0xFF, 0xFF, 0xF5, 0x5A, 0x00, 0x00, 0x00, 0x00, 0x00, 0x00, 0x00, 0x00, 0x00, 
0x00, 0x02, 0x00, 0x00, 0x02, 0x5B, 0xB5, 0xE2, 0xEC, 0xD3, 0x91, 0x25, 0x00, 0x00, 0xD6, 0xFF, 
0xFF, 0xFF, 0xFF, 0xFF, 0xFF, 0xFF, 0xFF, 0xFF, 0xFF, 0xFF, 0xFF, 0xFF, 0xFF, 0xFF, 0xFF, 0xFF, 
0xFE, 0x2A, 0x00, 0x07, 0x6A, 0xBD, 0xE5, 0xEB, 0xCD, 0x86, 0x19, 0x00, 0x00, 0x00, 0x02, 0x00, 
0x00, 0x00, 0x00, 0x00, 0x25, 0xD2, 0xF0, 0x84, 0x15, 0x00, 0x00, 0x00, 0x00, 0x00, 0x00, 0x00, 
0x00, 0x00, 0x28, 0xFF, 0xFF, 0xFF, 0xFF, 0xFF, 0xFF, 0xFF, 0xFF, 0xFF, 0xFF, 0xFF, 0xFF, 0xFF, 
0xFF, 0xFF, 0xFF, 0xFF, 0xFF, 0xFF, 0x7F, 0x00, 0x00, 0x00, 0x00, 0x00, 0x00, 0x00, 0x00, 0x00, 
0x00, 0x4B, 0xCD, 0xF5, 0x72, 0x00, 0x00, 0x00, 0x00, 0xCA, 0xFF, 0xFF, 0xFF, 0xF7, 0xA1, 0x46, 
0x08, 0x00, 0x00, 0x00, 0x16, 0x46, 0x00, 0x67, 0xFF, 0xFF, 0xFF, 0xFF, 0xFF, 0xFF, 0xFF, 0xFF, 
0xFF, 0xFF, 0xFF, 0xFF, 0xFF, 0xFF, 0xFF, 0xFF, 0xFF, 0xFF, 0xFF, 0xC5, 0x00, 0x23, 0x36, 0x03, 
0x00, 0x00, 0x00, 0x27, 0x71, 0xD3, 0xFF, 0xFF, 0xFF, 0xFE, 0x3A, 0x00, 0x00, 0x36, 0xFF, 0xFF, 
0xFF, 0xFF, 0xFF, 0xFF, 0xFF, 0xF9, 0xE2, 0xDA, 0xEE, 0xFF, 0xCC, 0x00, 0x82, 0xFF, 0xFF, 0xFF, 
0xFF, 0xFF, 0xFF, 0xFF, 0xFF, 0xFF, 0xFF, 0xFF, 0xFF, 0xFF, 0xFF, 0xFF, 0xFF, 0xFF, 0xFF, 0xFF, 
0xE6, 0x00, 0x4D, 0xFF, 0xF8, 0xE2, 0xDB, 0xF2, 0xFF, 0xFF, 0xFF, 0xFF, 0xFF, 0xFF, 0xFF, 0xA5, 
0x00, 0x00, 0x7C, 0xFF, 0xFF, 0xFF, 0xFF, 0xFF, 0xFF, 0xFF, 0xFF, 0xFF, 0xFF, 0xFF, 0xFF, 0xC1, 
0x00, 0x92, 0xFF, 0xFF, 0xFF, 0xFF, 0xFF, 0xFF, 0xFF, 0xFF, 0xFF, 0xFF, 0xFF, 0xFF, 0xFF, 0xFF, 
0xFF, 0xFF, 0xFF, 0xFF, 0xFF, 0xF9, 0x00, 0x41, 0xFF, 0xFF, 0xFF, 0xFF, 0xFF, 0xFF, 0xFF, 0xFF, 
0xFF, 0xFF, 0xFF, 0xFF, 0xEA, 0x00, 0x00, 0xAC, 0xFF, 0xFF, 0xFF, 0xFF, 0xFF, 0xFF, 0xFF, 0xFF, 
0xFF, 0xFF, 0xFF, 0xFF, 0xD1, 0x00, 0x81, 0xFF, 0xFF, 0xFF, 0xFF, 0xFF, 0xFF, 0xFF, 0xFF, 0xFF, 
0xFF, 0xFF, 0xFF, 0xFF, 0xFF, 0xFF, 0xFF, 0xFF, 0xFF, 0xFF, 0xE5, 0x00, 0x54, 0xFF, 0xFF, 0xFF, 
0xFF, 0xFF, 0xFF, 0xFF, 0xFF, 0xFF, 0xFF, 0xFF, 0xFF, 0xFF, 0x1A, 0x00, 0xCE, 0xFF, 0xFF, 0xFF, 
0xFF, 0xFF, 0xFF, 0xFF, 0xFF, 0xFF, 0xFF, 0xFF, 0xFF, 0xF2, 0x03, 0x64, 0xFF, 0xFF, 0xFF, 0xFF, 
0xFF, 0xFF, 0xFF, 0xFF, 0xFF, 0xFF, 0xFF, 0xFF, 0xFF, 0xFF, 0xFF, 0xFF, 0xFF, 0xFF, 0xFF, 0xC4, 
0x00, 0x78, 0xFF, 0xFF, 0xFF, 0xFF, 0xFF, 0xFF, 0xFF, 0xFF, 0xFF, 0xFF, 0xFF, 0xFF, 0xFF, 0x3E, 
0x00, 0xE4, 0xFF, 0xFF, 0xFF, 0xFF, 0xFF, 0xFF, 0xFF, 0xFF, 0xFF, 0xFF, 0xFF, 0xFF, 0xFF, 0x32, 
0x1F, 0xFF, 0xFF, 0xFF, 0xFF, 0xFF, 0xFF, 0xFF, 0xFF, 0xFF, 0xFF, 0xFF, 0xFF, 0xFF, 0xFF, 0xFF, 
0xFF, 0xFF, 0xFF, 0xFF, 0x7D, 0x00, 0xB5, 0xFF, 0xFF, 0xFF, 0xFF, 0xFF, 0xFF, 0xFF, 0xFF, 0xFF, 
0xFF, 0xFF, 0xFF, 0xFF, 0x53, 0x00, 0xF4, 0xFF, 0xFF, 0xFF, 0xFF, 0xFF, 0xFF, 0xFF, 0xFF, 0xFF, 
0xFF, 0xFF, 0xFF, 0xFF, 0x8B, 0x00, 0xC7, 0xFF, 0xFF, 0xFF, 0xFF, 0xFF, 0xFF, 0xFF, 0xFF, 0xFF, 
0xFF, 0xFF, 0xFF, 0xFF, 0xFF, 0xFF, 0xFF, 0xFF, 0xFC, 0x26, 0x16, 0xF9, 0xFF, 0xFF, 0xFF, 0xFF, 
0xFF, 0xFF, 0xFF, 0xFF, 0xFF, 0xFF, 0xFF, 0xFF, 0xFF, 0x63, 0x00, 0xFB, 0xFF, 0xFF, 0xFF, 0xFF, 
0xFF, 0xFF, 0xFF, 0xFF, 0xFF, 0xFF, 0xFF, 0xFF, 0xFF, 0xEC, 0x0D, 0x41, 0xFF, 0xFF, 0xFF, 0xFF, 
0xFF, 0xFF, 0xFF, 0xFF, 0xFF, 0xFF, 0xFF, 0xFF, 0xFF, 0xFF, 0xFF, 0xFF, 0xFF, 0x9B, 0x00, 0x81, 
0xFF, 0xFF, 0xFF, 0xFF, 0xFF, 0xFF, 0xFF, 0xFF, 0xFF, 0xFF, 0xFF, 0xFF, 0xFF, 0xFF, 0x6A, 0x00, 
0xFC, 0xFF, 0xFF, 0xFF, 0xFF, 0xFF, 0xFF, 0xFF, 0xFF, 0xFF, 0xFF, 0xFF, 0xFF, 0xFF, 0xFF, 0x8D, 
0x00, 0x96, 0xFF, 0xFF, 0xFF, 0xFF, 0xFF, 0xFF, 0xFF, 0xFF, 0xFF, 0xFF, 0xFF, 0xFF, 0xFF, 0xFF, 
0xFF, 0xDD, 0x13, 0x21, 0xF6, 0xFF, 0xFF, 0xFF, 0xFF, 0xFF, 0xFF, 0xFF, 0xFF, 0xFF, 0xFF, 0xFF, 
0xFF, 0xFF, 0xFF, 0x6B, 0x00, 0xE0, 0xFF, 0xFF, 0xFF, 0xFF, 0xFF, 0xFF, 0xFF, 0xFF, 0xFF, 0xFF, 
0xFF, 0xD4, 0x77, 0x40, 0x1B, 0x00, 0x03, 0xB0, 0xFF, 0xFF, 0xFF, 0xFF, 0xFF, 0xFF, 0xFF, 0xFF, 
0xFF, 0xFF, 0xFF, 0xFF, 0xFF, 0xEC, 0x2A, 0x00, 0x0A, 0x31, 0x56, 0xA9, 0xF7, 0xFF, 0xFF, 0xFF, 
0xFF, 0xFF, 0xFF, 0xFF, 0xFF, 0xFF, 0xFF, 0xFF, 0x4A, 0x00, 0x7E, 0xFF, 0xFF, 0xFF, 0xFF, 0xFF, 
0xFF, 0xFF, 0xFF, 0xFF, 0xE9, 0x54, 0x00, 0x00, 0x11, 0x2E, 0x1B, 0x00, 0x02, 0x88, 0xFF, 0xFF, 
0xFF, 0xFF, 0xFF, 0xFF, 0xFF, 0xFF, 0xFF, 0xFF, 0xFF, 0xD5, 0x22, 0x00, 0x02, 0x31, 0x21, 0x02, 
0x00, 0x18, 0xAF, 0xFF, 0xFF, 0xFF, 0xFF, 0xFF, 0xFF, 0xFF, 0xFF, 0xFF, 0xDD, 0x07, 0x00, 0x03, 
0x90, 0xFD, 0xFF, 0xFF, 0xFF, 0xFF, 0xFF, 0xFF, 0xD5, 0x16, 0x03, 0x60, 0xCB, 0xFE, 0xFF, 0xF9, 
0x84, 0x07, 0x00, 0x34, 0xB8, 0xFE, 0xFF, 0xFF, 0xFF, 0xFF, 0xFF, 0xFF, 0xED, 0x77, 0x08, 0x00, 
0x3C, 0xD3, 0xFF, 0xFF, 0xEB, 0x97, 0x1E, 0x00, 0x76, 0xFF, 0xFF, 0xFF, 0xFF, 0xFF, 0xFF, 0xFF, 
0xD7, 0x28, 0x00, 0x00, 0x00, 0x00, 0x21, 0x70, 0x98, 0xA3, 0xA4, 0xA4, 0x9E, 0x17, 0x12, 0xBE, 
0xFF, 0xFF, 0xFF, 0xFF, 0xFF, 0xFF, 0xD9, 0x47, 0x00, 0x00, 0x18, 0x60, 0x85, 0x9C, 0x94, 0x7C, 
0x42, 0x05, 0x00, 0x14, 0x98, 0xFE, 0xFF, 0xFF, 0xFF, 0xFF, 0xFF, 0xF2, 0x4B, 0x00, 0x6B, 0xA4, 
0xA4, 0xA4, 0xA1, 0x8C, 0x50, 0x05, 0x00, 0x00, 0x00, 0x00, 0x00, 0x00, 0x00, 0x00, 0x00, 0x00, 
0x00, 0x00, 0x06, 0xC4, 0xFF, 0xFF, 0xFF, 0xFF, 0xFF, 0xFF, 0xFF, 0xFF, 0xFF, 0xC3, 0x58, 0x08, 
0x00, 0x00, 0x00, 0x00, 0x00, 0x00, 0x2E, 0x8D, 0xF2, 0xFF, 0xFF, 0xFF, 0xFF, 0xFF, 0xFF, 0xFF, 
0xFF, 0xF9, 0x40, 0x00, 0x00, 0x00, 0x00, 0x00, 0x00, 0x00, 0x00, 0x00, 0x00, 0x00, 0x00, 0x00, 
0x00, 0x00, 0x00, 0x00, 0x00, 0x00, 0x00, 0x88, 0xFF, 0xFF, 0xFF, 0xFF, 0xFF, 0xFF, 0xFF, 0xFF, 
0xFF, 0xFF, 0xFF, 0xFF, 0xF7, 0xBE, 0x9B, 0x8C, 0x99, 0xB4, 0xE9, 0xFF, 0xFF, 0xFF, 0xFF, 0xFF, 
0xFF, 0xFF, 0xFF, 0xFF, 0xFF, 0xFF, 0xFF, 0xE6, 0x13, 0x00, 0x00, 0x00, 0x00, 0x00, 0x00, 0x00, 
0x00, 0x00, 0x00, 0x00, 0x00, 0x00, 0x00, 0x00, 0x00, 0x00, 0x00, 0x25, 0xFB, 0xFF, 0xFF, 0xFF, 
0xFF, 0xFF, 0xFF, 0xFF, 0xFF, 0xFF, 0xFF, 0xFF, 0xFF, 0xFF, 0xFF, 0xFF, 0xFF, 0xFF, 0xFF, 0xFF, 
0xFF, 0xFF, 0xFF, 0xFF, 0xFF, 0xFF, 0xFF, 0xFF, 0xFF, 0xFF, 0xFF, 0xFF, 0xFF, 0x95, 0x00, 0x00, 
0x00, 0x00, 0x00, 0x00, 0x00, 0x00, 0x00, 0x00, 0x00, 0x00, 0x00, 0x00, 0x00, 0x00, 0x00, 0x00, 
0x9B, 0xFF, 0xFF, 0xFF, 0xFF, 0xFF, 0xFF, 0xFF, 0xFF, 0xFF, 0xFF, 0xFF, 0xFF, 0xFF, 0xFF, 0xFF, 
0xFF, 0xFF, 0xFF, 0xFF, 0xFF, 0xFF, 0xFF, 0xFF, 0xFF, 0xFF, 0xFF, 0xFF, 0xFF, 0xFF, 0xFF, 0xFF, 
0xFF, 0xFF, 0xFA, 0x15, 0x00, 0x00, 0x00, 0x00, 0x00, 0x00, 0x00, 0x00, 0x00, 0x00, 0x00, 0x00, 
0x00, 0x00, 0x00, 0x00, 0x04, 0xF0, 0xFF, 0xFF, 0xFF, 0xFF, 0xFF, 0xFF, 0xFF, 0xFF, 0xFF, 0xFF, 
0xFF, 0xFF, 0xFF, 0xFF, 0xFF, 0xFF, 0xFF, 0xFF, 0xFF, 0xFF, 0xFF, 0xFF, 0xFF, 0xFF, 0xFF, 0xFF, 
0xFF, 0xFF, 0xFF, 0xFF, 0xFF, 0xFF, 0xFF, 0xFF, 0x69, 0x00, 0x00, 0x00, 0x00, 0x00, 0x00, 0x00, 
0x00, 0x00, 0x00, 0x00, 0x00, 0x00, 0x00, 0x00, 0x00, 0x34, 0xFF, 0xFF, 0xFF, 0xFF, 0xFF, 0xFF, 
0xFF, 0xFF, 0xFF, 0xFF, 0xFF, 0xFF, 0xFF, 0xFF, 0xFF, 0xFF, 0xFF, 0xFF, 0xFF, 0xFF, 0xFF, 0xFF, 
0xFF, 0xFF, 0xFF, 0xFF, 0xFF, 0xFF, 0xFF, 0xFF, 0xFF, 0xFF, 0xFF, 0xFF, 0xFF, 0xAB, 0x00, 0x00, 
0x00, 0x00, 0x00, 0x00, 0x00, 0x00, 0x00, 0x00, 0x00, 0x00, 0x00, 0x00, 0x00, 0x00, 0x6E, 0xFF, 
0xFF, 0xFF, 0xFF, 0xFF, 0xFF, 0xFF, 0xFF, 0xFF, 0xFF, 0xFF, 0xFF, 0xFF, 0xFF, 0xFF, 0xFF, 0xFF, 
0xFF, 0xFF, 0xFF, 0xFF, 0xFF, 0xFF, 0xFF, 0xFF, 0xFF, 0xFF, 0xFF, 0xFF, 0xFF, 0xFF, 0xFF, 0xFF, 
0xFF, 0xFF, 0xE9, 0x00, 0x00, 0x00, 0x00, 0x00, 0x00, 0x00, 0x00, 0x00, 0x00, 0x00, 0x00, 0x00, 
0x00, 0x00, 0x00, 0xA4, 0xFF, 0xFF, 0xFF, 0xFF, 0xFF, 0xFF, 0xFF, 0xFF, 0xFF, 0xFF, 0xFF, 0xFF, 
0xFF, 0xFF, 0xFF, 0xFF, 0xFF, 0xFF, 0xFF, 0xFF, 0xFF, 0xFF, 0xFF, 0xFF, 0xFF, 0xFF, 0xFF, 0xFF, 
0xFF, 0xFF, 0xFF, 0xFF, 0xFF, 0xFF, 0xFF, 0xFF, 0x25, 0x00, 0x00, 0x00, 0x00, 0x00, 0x00, 0x00, 
0x00, 0x00, 0x00, 0x00, 0x00, 0x00, 0x00, 0x00, 0xC9, 0xFF, 0xFF, 0xFF, 0xFF, 0xFF, 0xFF, 0xFF, 
0xFF, 0xFF, 0xFF, 0xFF, 0xFF, 0xFF, 0xFF, 0xFF, 0xFF, 0xFF, 0xFF, 0xFF, 0xFF, 0xFF, 0xFF, 0xFF, 
0xFF, 0xFF, 0xFF, 0xFF, 0xFF, 0xFF, 0xFF, 0xFF, 0xFF, 0xFF, 0xFF, 0xFF, 0xFF, 0x54, 0x00, 0x00, 
0x00, 0x00, 0x00, 0x00, 0x00, 0x00, 0x00, 0x00, 0x00, 0x00, 0x00, 0x00, 0x00, 0xEC, 0xFF, 0xFF, 
0xFF, 0xFF, 0xFF, 0xFF, 0xFF, 0xFF, 0xFF, 0xFF, 0xFF, 0xFF, 0xFF, 0xFF, 0xFF, 0xFF, 0xFF, 0xFF, 
0xFF, 0xFF, 0xFF, 0xFF, 0xFF, 0xFF, 0xFF, 0xFF, 0xFF, 0xFF, 0xFF, 0xFF, 0xFF, 0xFF, 0xFF, 0xFF, 
0xFF, 0xFF, 0x75, 0x00, 0x00, 0x00, 0x00, 0x00, 0x00, 0x00, 0x00, 0x00, 0x00, 0x00, 0x00, 0x00, 
0x00, 0x08, 0xFF, 0xFF, 0xFF, 0xFF, 0xFF, 0xFF, 0xFF, 0xFF, 0xFF, 0xFF, 0xFF, 0xFF, 0xFF, 0xFF, 
0xFF, 0xFF, 0xFF, 0xFF, 0xFF, 0xFF, 0xFF, 0xFF, 0xFF, 0xFF, 0xFF, 0xFF, 0xFF, 0xFF, 0xFF, 0xFF, 
0xFF, 0xFF, 0xFF, 0xFF, 0xFF, 0xFF, 0xFF, 0x88, 0x00, 0x00, 0x00, 0x00, 0x00, 0x00, 0x00, 0x00, 
0x00, 0x00, 0x00, 0x00, 0x00, 0x00, 0x12, 0xFF, 0xFF, 0xFF, 0xFF, 0xFF, 0xFF, 0xFF, 0xFF, 0xFF, 
0xFF, 0xFF, 0xFF, 0xFF, 0xFF, 0xFF, 0xFF, 0xFF, 0xFF, 0xFF, 0xFF, 0xFF, 0xFF, 0xFF, 0xFF, 0xFF, 
0xFF, 0xFF, 0xFF, 0xFF, 0xFF, 0xFF, 0xFF, 0xFF, 0xFF, 0xFF, 0xFF, 0xFF, 0x91, 0x00, 0x00, 0x00, 
0x00, 0x00, 0x00, 0x00, 0x00, 0x00, 0x00, 0x00, 0x00, 0x00, 0x00, 0x1B, 0xFF, 0xFF, 0xFF, 0xFF, 
0xFF, 0xFF, 0xFF, 0xFF, 0xFF, 0xFF, 0xFF, 0xFF, 0xFF, 0xFF, 0xFF, 0xFF, 0xFF, 0xFF, 0xFF, 0xFF, 
0xFF, 0xFF, 0xFF, 0xFF, 0xFF, 0xFF, 0xFF, 0xFF, 0xFF, 0xFF, 0xFF, 0xFF, 0xFF, 0xFF, 0xFF, 0xFF, 
0xFF, 0x9A, 0x00, 0x00, 0x00, 0x00, 0x00, 0x00, 0x00, 0x00, 0x00, 0x00, 0x00, 0x00, 0x00, 0x00, 
0x17, 0xFF, 0xFF, 0xFF, 0xFF, 0xFF, 0xFF, 0xFF, 0xFF, 0xFF, 0xFF, 0xFF, 0xFF, 0xFF, 0xFF, 0xFF, 
0xFF, 0xFF, 0xFF, 0xFF, 0xFF, 0xFF, 0xFF, 0xFF, 0xFF, 0xFF, 0xFF, 0xFF, 0xFF, 0xFF, 0xFF, 0xFF, 
0xFF, 0xFF, 0xFF, 0xFF, 0xFF, 0xFF, 0x97, 0x00, 0x00, 0x00, 0x00, 0x00, 0x00, 0x00, 0x00, 0x00, 
0x00, 0x00, 0x00, 0x00, 0x00, 0x02, 0xF9, 0xFF, 0xFF, 0xFF, 0xFF, 0xFF, 0xFF, 0xFF, 0xFF, 0xFF, 
0xFF, 0xFF, 0xFF, 0xFF, 0xFF, 0xFF, 0xFF, 0xFF, 0xFF, 0xFF, 0xFF, 0xFF, 0xFF, 0xFF, 0xFF, 0xFF, 
0xFF, 0xFF, 0xFF, 0xFF, 0xFF, 0xFF, 0xFF, 0xFF, 0xFF, 0xFF, 0xFF, 0x7F, 0x00, 0x00, 0x00, 0x00, 
0x00, 0x00, 0x00, 0x00, 0x00, 0x00, 0x00, 0x00, 0x00, 0x00, 0x00, 0xBE, 0xFF, 0xFF, 0xFF, 0xFF, 
0xFF, 0xFF, 0xFF, 0xFF, 0xFF, 0xFF, 0xFF, 0xFF, 0xFF, 0xFF, 0xFF, 0xFF, 0xFF, 0xFF, 0xFF, 0xFF, 
0xFF, 0xFF, 0xFF, 0xFF, 0xFF, 0xFF, 0xFF, 0xFF, 0xFF, 0xFF, 0xFF, 0xFF, 0xFF, 0xFF, 0xFF, 0xFF, 
0x43, 0x00, 0x00, 0x00, 0x00, 0x00, 0x00, 0x00, 0x00, 0x00, 0x00, 0x00, 0x00, 0x00, 0x00, 0x00, 
0x57, 0xFF, 0xFF, 0xFF, 0xFF, 0xFF, 0xFF, 0xFF, 0xFF, 0xFF, 0xFF, 0xFF, 0xFF, 0xFF, 0xFF, 0xFF, 
0xFF, 0xFF, 0xFF, 0xFF, 0xFF, 0xFF, 0xFF, 0xFF, 0xFF, 0xFF, 0xFF, 0xFF, 0xFF, 0xFF, 0xFF, 0xFF, 
0xFF, 0xFF, 0xFF, 0xFF, 0xD7, 0x03, 0x00, 0x00, 0x00, 0x00, 0x00, 0x00, 0x00, 0x00, 0x00, 0x00, 
0x00, 0x00, 0x00, 0x00, 0x00, 0x01, 0xB4, 0xFF, 0xFF, 0xFF, 0xFF, 0xFF, 0xFF, 0xFF, 0xFF, 0xFF, 
0xFF, 0xFF, 0xFF, 0xFF, 0xFF, 0xFF, 0xFF, 0xFF, 0xFF, 0xFF, 0xFF, 0xFF, 0xFF, 0xFF, 0xFF, 0xFF, 
0xFF, 0xFF, 0xFF, 0xFF, 0xFF, 0xFF, 0xFF, 0xFF, 0xFA, 0x3E, 0x00, 0x00, 0x00, 0x00, 0x00, 0x00, 
0x00, 0x00, 0x00, 0x00, 0x00, 0x00, 0x00, 0x00, 0x00, 0x00, 0x00, 0x0C, 0xAF, 0xFF, 0xFF, 0xFF, 
0xFF, 0xFF, 0xFF, 0xFF, 0xFF, 0xFF, 0xFF, 0xFF, 0xFF, 0xFF, 0xFF, 0xFF, 0xFF, 0xFF, 0xFF, 0xFF, 
0xFF, 0xFF, 0xFF, 0xFF, 0xFF, 0xFF, 0xFF, 0xFF, 0xFF, 0xFF, 0xFF, 0xFF, 0xEE, 0x4A, 0x00, 0x00, 
0x00, 0x00, 0x00, 0x00, 0x00, 0x00, 0x00, 0x00, 0x00, 0x00, 0x00, 0x00, 0x00, 0x00, 0x00, 0x00, 
0x00, 0x00, 0x4A, 0xAD, 0xE9, 0xFE, 0xFF, 0xFF, 0xFF, 0xFF, 0xFF, 0xFF, 0xFF, 0xFF, 0xFF, 0xFF, 
0xFF, 0xFF, 0xFF, 0xFF, 0xFF, 0xFF, 0xFF, 0xFF, 0xFF, 0xFF, 0xFF, 0xFF, 0xFF, 0xFF, 0xF8, 0xCD, 
0x80, 0x14, 0x00, 0x00, 0x00, 0x00, 0x00, 0x00, 0x00, 0x00, 0x00, 0x00, 0x00, 0x00, 0x00, 0x00, 
0x00, 0x00, 0x00, 0x00, 0x00, 0x00, 0x00, 0x00, 0x00, 0x00, 0x03, 0x0C, 0x0C, 0x0C, 0x0C, 0x0C, 
0x0C, 0x0C, 0x0C, 0x0C, 0x0C, 0x0C, 0x0C, 0x0C, 0x0C, 0x0C, 0x0C, 0x0C, 0x0C, 0x0C, 0x0C, 0x0C, 
0x0C, 0x0C, 0x09, 0x00, 0x00, 0x00, 0x00, 0x00, 0x00, 0x00, 0x00, 0x00, 0x00, 0x00, 0x00, 0x00, 
0x00, 0x00, 0x00, 0x00, 0x00, 0x00, 0x00, 0x00, 0x00, 0x00, 0x00, 0x00, 0x00, 0x00, 0x00, 0x00, 
0x00, 0x10, 0x8E, 0x9C, 0x9C, 0x9C, 0x9C, 0x9C, 0x8F, 0x17, 0x00, 0x00, 0x00, 0x00, 0x00, 0x00, 
0x00, 0x00, 0x00, 0x00, 0x00, 0x00, 0x00, 0x00, 0x00, 0x00, 0x00, 0x00, 0x00, 0x00, 0x00, 0x00, 
0x00, 0x00, 0x00, 0x00, 0x00, 0x00, 0x00, 0x00, 0x00, 0x00, 0x00, 0x6C, 0xFF, 0xFF, 0xFF, 0xFF, 
0xFF, 0xFF, 0xFF, 0x83, 0x00, 0x00, 0x00, 0x00, 0x00, 0x00, 0x00, 0x00, 0x00, 0x00, 0x00, 0x00, 
0x00, 0x00, 0x00, 0x00, 0x00, 0x00, 0x00, 0x00, 0x00, 0x00, 0x00, 0x00, 0x00, 0x00, 0x00, 0x00, 
0x00, 0x00, 0x00, 0x00, 0x00, 0xA4, 0xFF, 0xFF, 0xFF, 0xFF, 0xFF, 0xFF, 0xFF, 0xAA, 0x00, 0x00, 
0x00, 0x00, 0x00, 0x00, 0x00, 0x00, 0x00, 0x00, 0x00, 0x00, 0x00, 0x00, 0x00, 0x00, 0x00, 0x00, 
0x00, 0x00, 0x00, 0x00, 0x00, 0x00, 0x00, 0x00, 0x00, 0x00, 0x00, 0x00, 0x00, 0x00, 0x00, 0xCD, 
0xFF, 0xFF, 0xFF, 0xFF, 0xFF, 0xFF, 0xFF, 0xCF, 0x00, 0x00, 0x00, 0x00, 0x00, 0x00, 0x00, 0x00, 
0x00, 0x00, 0x00, 0x00, 0x00, 0x00, 0x00, 0x00, 0x00, 0x00, 0x00, 0x00, 0x00, 0x00, 0x00, 0x00, 
0x18, 0xB8, 0xC6, 0x2A, 0x00, 0x00, 0x00, 0x00, 0x00, 0xF2, 0xFF, 0xFF, 0xFF, 0xFF, 0xFF, 0xFF, 
0xFF, 0xF2, 0x00, 0x00, 0x00, 0x00, 0x00, 0x1B, 0xB6, 0xC1, 0x19, 0x00, 0x00, 0x00, 0x00, 0x00, 
0x00, 0x00, 0x00, 0x00, 0x00, 0x00, 0x00, 0x00, 0x00, 0x24, 0xE1, 0xFF, 0xFF, 0xF4, 0x58, 0x00, 
0x00, 0x00, 0x13, 0xFF, 0xFF, 0xFF, 0xFF, 0xFF, 0xFF, 0xFF, 0xFF, 0xFF, 0x17, 0x00, 0x00, 0x00, 
0x48, 0xEB, 0xFF, 0xFF, 0xDC, 0x1F, 0x00, 0x00, 0x00, 0x00, 0x00, 0x00, 0x00, 0x00, 0x00, 0x00, 
0x00, 0x00, 0x24, 0xE5, 0xFF, 0xFF, 0xFF, 0xFF, 0xFF, 0x91, 0x06, 0x43, 0xB4, 0xFF, 0xFF, 0xFF, 
0xFF, 0xFF, 0xFF, 0xFF, 0xFF, 0xFF, 0xBA, 0x50, 0x08, 0x87, 0xFE, 0xFF, 0xFF, 0xFF, 0xFF, 0xE0, 
0x20, 0x00, 0x00, 0x00, 0x00, 0x00, 0x00, 0x00, 0x00, 0x00, 0x00, 0x1C, 0xE1, 0xFF, 0xFF, 0xFF, 
0xFF, 0xFF, 0xFF, 0xFF, 0xF2, 0xFF, 0xFF, 0xFF, 0xFF, 0xFF, 0xFF, 0xFF, 0xFF, 0xFF, 0xFF, 0xFF, 
0xFF, 0xFF, 0xF8, 0xFF, 0xFF, 0xFF, 0xFF, 0xFF, 0xFF, 0xFF, 0xDE, 0x1A, 0x00, 0x00, 0x00, 0x00, 
0x00, 0x00, 0x00, 0x00, 0x0A, 0xD1, 0xFF, 0xFF, 0xFF, 0xFF, 0xFF, 0xFF, 0xFF, 0xFF, 0xFF, 0xFF, 
0xFF, 0xFF, 0xFF, 0xFF, 0xFF, 0xFF, 0xFF, 0xFF, 0xFF, 0xFF, 0xFF, 0xFF, 0xFF, 0xFF, 0xFF, 0xFF, 
0xFF, 0xFF, 0xFF, 0xFF, 0xFF, 0xCE, 0x08, 0x00, 0x00, 0x00, 0x00, 0x00, 0x00, 0x00, 0x50, 0xFF, 
0xFF, 0xFF, 0xFF, 0xFF, 0xFF, 0xFF, 0xFF, 0xFF, 0xFF, 0xFF, 0xFF, 0xFF, 0xFF, 0xFF, 0xFF, 0xFF, 
0xFF, 0xFF, 0xFF, 0xFF, 0xFF, 0xFF, 0xFF, 0xFF, 0xFF, 0xFF, 0xFF, 0xFF, 0xFF, 0xFF, 0xFF, 0xFF, 
0x3E, 0x00, 0x00, 0x00, 0x00, 0x00, 0x00, 0x00, 0x05, 0xC3, 0xFF, 0xFF, 0xFF, 0xFF, 0xFF, 0xFF, 
0xFF, 0xFF, 0xFF, 0xFF, 0xFF, 0xFF, 0xFF, 0xFF, 0xFF, 0xFF, 0xFF, 0xFF, 0xFF, 0xFF, 0xFF, 0xFF, 
0xFF, 0xFF, 0xFF, 0xFF, 0xFF, 0xFF, 0xFF, 0xFF, 0xFF, 0xC2, 0x04, 0x00, 0x00, 0x00, 0x00, 0x00, 
0x00, 0x00, 0x00, 0x17, 0xE4, 0xFF, 0xFF, 0xFF, 0xFF, 0xFF, 0xFF, 0xFF, 0xFF, 0xFF, 0xFF, 0xFF, 
0xFF, 0xFF, 0xFF, 0xFF, 0xFF, 0xFF, 0xFF, 0xFF, 0xFF, 0xFF, 0xFF, 0xFF, 0xFF, 0xFF, 0xFF, 0xFF, 
0xFF, 0xFF, 0xE4, 0x17, 0x00, 0x00, 0x00, 0x00, 0x00, 0x00, 0x00, 0x00, 0x00, 0x00, 0x38, 0xFA, 
0xFF, 0xFF, 0xFF, 0xFF, 0xFF, 0xFF, 0xFF, 0xFF, 0xFF, 0xFF, 0xFF, 0xFF, 0xFF, 0xFF, 0xFF, 0xFF, 
0xFF, 0xFF, 0xFF, 0xFF, 0xFF, 0xFF, 0xFF, 0xFF, 0xFF, 0xFF, 0xFF, 0xFA, 0x38, 0x00, 0x00, 0x00, 
0x00, 0x00, 0x00, 0x00, 0x00, 0x00, 0x00, 0x00, 0x00, 0x78, 0xFF, 0xFF, 0xFF, 0xFF, 0xFF, 0xFF, 
0xFF, 0xFF, 0xFF, 0xFF, 0xFF, 0xFF, 0xFF, 0xFF, 0xFF, 0xFF, 0xFF, 0xFF, 0xFF, 0xFF, 0xFF, 0xFF, 
0xFF, 0xFF, 0xFF, 0xFF, 0xFF, 0x80, 0x00, 0x00, 0x00, 0x00, 0x00, 0x00, 0x00, 0x00, 0x00, 0x00, 
0x00, 0x00, 0x00, 0x8E, 0xFF, 0xFF, 0xFF, 0xFF, 0xFF, 0xFF, 0xFF, 0xFF, 0xFF, 0xFF, 0xDA, 0x77, 
0x3A, 0x26, 0x36, 0x6D, 0xCE, 0xFF, 0xFF, 0xFF, 0xFF, 0xFF, 0xFF, 0xFF, 0xFF, 0xFF, 0xFF, 0xA8, 
0x00, 0x00, 0x00, 0x00, 0x00, 0x00, 0x00, 0x00, 0x00, 0x00, 0x00, 0x00, 0x09, 0xF1, 0xFF, 0xFF, 
0xFF, 0xFF, 0xFF, 0xFF, 0xFF, 0xFF, 0xFF, 0x85, 0x05, 0x00, 0x00, 0x00, 0x00, 0x00, 0x01, 0x6F, 
0xFC, 0xFF, 0xFF, 0xFF, 0xFF, 0xFF, 0xFF, 0xFF, 0xFF, 0xFC, 0x17, 0x00, 0x00, 0x00, 0x00, 0x00, 
0x00, 0x00, 0x12, 0x39, 0x60, 0x87, 0xBC, 0xFF, 0xFF, 0xFF, 0xFF, 0xFF, 0xFF, 0xFF, 0xFF, 0xFF, 
0x7A, 0x00, 0x00, 0x00, 0x00, 0x00, 0x00, 0x00, 0x00, 0x00, 0x5E, 0xFF, 0xFF, 0xFF, 0xFF, 0xFF, 
0xFF, 0xFF, 0xFF, 0xFF, 0xB7, 0x73, 0x4B, 0x24, 0x03, 0x00, 0x00, 0xB8, 0xFF, 0xFF, 0xFF, 0xFF, 
0xFF, 0xFF, 0xFF, 0xFF, 0xFF, 0xFF, 0xFF, 0xFF, 0xFF, 0xBF, 0x00, 0x00, 0x00, 0x00, 0x00, 0x00, 
0x00, 0x00, 0x00, 0x00, 0x00, 0xA5, 0xFF, 0xFF, 0xFF, 0xFF, 0xFF, 0xFF, 0xFF, 0xFF, 0xFF, 0xFF, 
0xFF, 0xFF, 0xF8, 0xB6, 0x03, 0xFF, 0xFF, 0xFF, 0xFF, 0xFF, 0xFF, 0xFF, 0xFF, 0xFF, 0xFF, 0xFF, 
0xFF, 0xFF, 0xFF, 0x41, 0x00, 0x00, 0x00, 0x00, 0x00, 0x00, 0x00, 0x00, 0x00, 0x00, 0x00, 0x26, 
0xFF, 0xFF, 0xFF, 0xFF, 0xFF, 0xFF, 0xFF, 0xFF, 0xFF, 0xFF, 0xFF, 0xFF, 0xFF, 0xFF, 0x13, 0xFF, 
0xFF, 0xFF, 0xFF, 0xFF, 0xFF, 0xFF, 0xFF, 0xFF, 0xFF, 0xFF, 0xFF, 0xFF, 0xEE, 0x03, 0x00, 0x00, 
0x00, 0x00, 0x00, 0x00, 0x00, 0x00, 0x00, 0x00, 0x00, 0x00, 0xD9, 0xFF, 0xFF, 0xFF, 0xFF, 0xFF, 
0xFF, 0xFF, 0xFF, 0xFF, 0xFF, 0xFF, 0xFF, 0xFF, 0x14, 0xFF, 0xFF, 0xFF, 0xFF, 0xFF, 0xFF, 0xFF, 
0xFF, 0xFF, 0xFF, 0xFF, 0xFF, 0xFF, 0xCB, 0x00, 0x00, 0x00, 0x00, 0x00, 0x00, 0x00, 0x00, 0x00, 
0x00, 0x00, 0x00, 0x00, 0xB6, 0xFF, 0xFF, 0xFF, 0xFF, 0xFF, 0xFF, 0xFF, 0xFF, 0xFF, 0xFF, 0xFF, 
0xFF, 0xFF, 0x14, 0xFF, 0xFF, 0xFF, 0xFF, 0xFF, 0xFF, 0xFF, 0xFF, 0xFF, 0xFF, 0xFF, 0xFF, 0xFF, 
0xC3, 0x00, 0x00, 0x00, 0x00, 0x00, 0x00, 0x00, 0x00, 0x00, 0x00, 0x00, 0x00, 0x00, 0xAF, 0xFF, 
0xFF, 0xFF, 0xFF, 0xFF, 0xFF, 0xFF, 0xFF, 0xFF, 0xFF, 0xFF, 0xFF, 0xFF, 0x14, 0xFF, 0xFF, 0xFF, 
0xFF, 0xFF, 0xFF, 0xFF, 0xFF, 0xFF, 0xFF, 0xFF, 0xFF, 0xFF, 0xDE, 0x00, 0x00, 0x00, 0x00, 0x00, 
0x00, 0x00, 0x00, 0x00, 0x00, 0x00, 0x00, 0x00, 0xC7, 0xFF, 0xFF, 0xFF, 0xFF, 0xFF, 0xFF, 0xFF, 
0xFF, 0xFF, 0xFF, 0xFF, 0xFF, 0xFF, 0x14, 0xFF, 0xFF, 0xFF, 0xFF, 0xFF, 0xFF, 0xFF, 0xFF, 0xFF, 
0xFF, 0xFF, 0xFF, 0xFF, 0xFF, 0x25, 0x00, 0x00, 0x00, 0x00, 0x00, 0x00, 0x00, 0x00, 0x00, 0x00, 
0x00, 0x0F, 0xFA, 0xFF, 0xFF, 0xFF, 0xFF, 0xFF, 0xFF, 0xFF, 0xFF, 0xFF, 0xFF, 0xFF, 0xFF, 0xFF, 
0x14, 0xC8, 0xFF, 0xFF, 0xFF, 0xFF, 0xFF, 0xFF, 0xFF, 0xFF, 0xFF, 0xFF, 0xFF, 0xFF, 0xFF, 0x9C, 
0x00, 0x00, 0x00, 0x00, 0x00, 0x00, 0x00, 0x00, 0x00, 0x00, 0x00, 0x81, 0xFF, 0xFF, 0xFF, 0xFF, 
0xFF, 0xFF, 0xFF, 0xFF, 0xFF, 0xFF, 0xFF, 0xFF, 0xFF, 0xEB, 0x05, 0x03, 0x24, 0x4B, 0x71, 0x97, 
0xCC, 0xFF, 0xFF, 0xFF, 0xFF, 0xFF, 0xFF, 0xFF, 0xFF, 0xFE, 0x52, 0x00, 0x00, 0x00, 0x00, 0x00, 
0x00, 0x00, 0x00, 0x00, 0x3C, 0xF9, 0xFF, 0xFF, 0xFF, 0xFF, 0xFF, 0xFF, 0xFF, 0xFF, 0xE7, 0xBB, 
0x94, 0x6D, 0x46, 0x13, 0x00, 0x00, 0x00, 0x00, 0x00, 0x00, 0x15, 0xFB, 0xFF, 0xFF, 0xFF, 0xFF, 
0xFF, 0xFF, 0xFF, 0xFF, 0xF8, 0x5D, 0x00, 0x00, 0x00, 0x00, 0x00, 0x00, 0x00, 0x48, 0xF0, 0xFF, 
0xFF, 0xFF, 0xFF, 0xFF, 0xFF, 0xFF, 0xFF, 0xFE, 0x21, 0x00, 0x00, 0x00, 0x00, 0x00, 0x00, 0x00, 
0x00, 0x00, 0x00, 0x00, 0x00, 0xA9, 0xFF, 0xFF, 0xFF, 0xFF, 0xFF, 0xFF, 0xFF, 0xFF, 0xFF, 0xFF, 
0xB9, 0x4C, 0x0E, 0x00, 0x0A, 0x43, 0xA9, 0xFF, 0xFF, 0xFF, 0xFF, 0xFF, 0xFF, 0xFF, 0xFF, 0xFF, 
0xFF, 0xBC, 0x00, 0x00, 0x00, 0x00, 0x00, 0x00, 0x00, 0x00, 0x00, 0x00, 0x00, 0x00, 0x00, 0x60, 
0xFF, 0xFF, 0xFF, 0xFF, 0xFF, 0xFF, 0xFF, 0xFF, 0xFF, 0xFF, 0xFF, 0xFF, 0xFF, 0xF9, 0xFF, 0xFF, 
0xFF, 0xFF, 0xFF, 0xFF, 0xFF, 0xFF, 0xFF, 0xFF, 0xFF, 0xFF, 0xFF, 0x82, 0x00, 0x00, 0x00, 0x00, 
0x00, 0x00, 0x00, 0x00, 0x00, 0x00, 0x00, 0x00, 0x18, 0xE7, 0xFF, 0xFF, 0xFF, 0xFF, 0xFF, 0xFF, 
0xFF, 0xFF, 0xFF, 0xFF, 0xFF, 0xFF, 0xFF, 0xFF, 0xFF, 0xFF, 0xFF, 0xFF, 0xFF, 0xFF, 0xFF, 0xFF, 
0xFF, 0xFF, 0xFF, 0xFF, 0xFF, 0xF7, 0x30, 0x00, 0x00, 0x00, 0x00, 0x00, 0x00, 0x00, 0x00, 0x00, 
0x00, 0x04, 0xC3, 0xFF, 0xFF, 0xFF, 0xFF, 0xFF, 0xFF, 0xFF, 0xFF, 0xFF, 0xFF, 0xFF, 0xFF, 0xFF, 
0xFF, 0xFF, 0xFF, 0xFF, 0xFF, 0xFF, 0xFF, 0xFF, 0xFF, 0xFF, 0xFF, 0xFF, 0xFF, 0xFF, 0xFF, 0xFF, 
0xDD, 0x11, 0x00, 0x00, 0x00, 0x00, 0x00, 0x00, 0x00, 0x00, 0x00, 0x8E, 0xFF, 0xFF, 0xFF, 0xFF, 
0xFF, 0xFF, 0xFF, 0xFF, 0xFF, 0xFF, 0xFF, 0xFF, 0xFF, 0xFF, 0xFF, 0xFF, 0xFF, 0xFF, 0xFF, 0xFF, 
0xFF, 0xFF, 0xFF, 0xFF, 0xFF, 0xFF, 0xFF, 0xFF, 0xFF, 0xFF, 0xFF, 0xB8, 0x02, 0x00, 0x00, 0x00, 
0x00, 0x00, 0x00, 0x00, 0x22, 0xFE, 0xFF, 0xFF, 0xFF, 0xFF, 0xFF, 0xFF, 0xFF, 0xFF, 0xFF, 0xFF, 
0xFF, 0xFF, 0xFF, 0xFF, 0xFF, 0xFF, 0xFF, 0xFF, 0xFF, 0xFF, 0xFF, 0xFF, 0xFF, 0xFF, 0xFF, 0xFF, 
0xFF, 0xFF, 0xFF, 0xFF, 0xFF, 0xFF, 0x5D, 0x00, 0x00, 0x00, 0x00, 0x00, 0x00, 0x00, 0x0A, 0xDB, 
0xFF, 0xFF, 0xFF, 0xFF, 0xFF, 0xFF, 0xFF, 0xFF, 0xFF, 0xFF, 0xFF, 0xFF, 0xFF, 0xFF, 0xFF, 0xFF, 
0xFF, 0xFF, 0xFF, 0xFF, 0xFF, 0xFF, 0xFF, 0xFF, 0xFF, 0xFF, 0xFF, 0xFF, 0xFF, 0xFF, 0xFF, 0xF1, 
0x20, 0x00, 0x00, 0x00, 0x00, 0x00, 0x00, 0x00, 0x00, 0x27, 0xEA, 0xFF, 0xFF, 0xFF, 0xFF, 0xFF, 
0xFF, 0xFF, 0xFF, 0xFF, 0xFF, 0xFF, 0xFF, 0xFF, 0xFF, 0xFF, 0xFF, 0xFF, 0xFF, 0xFF, 0xFF, 0xFF, 
0xFF, 0xFF, 0xFF, 0xFF, 0xFF, 0xFF, 0xFF, 0xFF, 0xFA, 0x46, 0x00, 0x00, 0x00, 0x00, 0x00, 0x00, 
0x00, 0x00, 0x00, 0x00, 0x2F, 0xEB, 0xFF, 0xFF, 0xFF, 0xFF, 0xFF, 0xC0, 0x25, 0x6B, 0xD5, 0xFF, 
0xFF, 0xFF, 0xFF, 0xFF, 0xFF, 0xFF, 0xFF, 0xFF, 0xE1, 0x7B, 0x22, 0xA5, 0xFF, 0xFF, 0xFF, 0xFF, 
0xFF, 0xFC, 0x56, 0x00, 0x00, 0x00, 0x00, 0x00, 0x00, 0x00, 0x00, 0x00, 0x00, 0x00, 0x00, 0x2D, 
0xE7, 0xFF, 0xFF, 0xFE, 0x88, 0x03, 0x00, 0x00, 0x0A, 0xFE, 0xFF, 0xFF, 0xFF, 0xFF, 0xFF, 0xFF, 
0xFF, 0xFF, 0x2B, 0x00, 0x00, 0x00, 0x6D, 0xFA, 0xFF, 0xFF, 0xFB, 0x58, 0x00, 0x00, 0x00, 0x00, 
0x00, 0x00, 0x00, 0x00, 0x00, 0x00, 0x00, 0x00, 0x00, 0x00, 0x24, 0xDD, 0xEB, 0x4C, 0x00, 0x00, 
0x00, 0x00, 0x00, 0xE1, 0xFF, 0xFF, 0xFF, 0xFF, 0xFF, 0xFF, 0xFF, 0xFF, 0x0C, 0x00, 0x00, 0x00, 
0x00, 0x3A, 0xE2, 0xE8, 0x44, 0x00, 0x00, 0x00, 0x00, 0x00, 0x00, 0x00, 0x00, 0x00, 0x00, 0x00, 
0x00, 0x00, 0x00, 0x00, 0x00, 0x07, 0x06, 0x00, 0x00, 0x00, 0x00, 0x00, 0x00, 0xB9, 0xFF, 0xFF, 
0xFF, 0xFF, 0xFF, 0xFF, 0xFF, 0xE8, 0x00, 0x00, 0x00, 0x00, 0x00, 0x00, 0x03, 0x07, 0x00, 0x00, 
0x00, 0x00, 0x00, 0x00, 0x00, 0x00, 0x00, 0x00, 0x00, 0x00, 0x00, 0x00, 0x00, 0x00, 0x00, 0x00, 
0x00, 0x00, 0x00, 0x00, 0x00, 0x00, 0x00, 0x92, 0xFF, 0xFF, 0xFF, 0xFF, 0xFF, 0xFF, 0xFF, 0xC2, 
0x00, 0x00, 0x00, 0x00, 0x00, 0x00, 0x00, 0x00, 0x00, 0x00, 0x00, 0x00, 0x00, 0x00, 0x00, 0x00, 
0x00, 0x00, 0x00, 0x00, 0x00, 0x00, 0x00, 0x00, 0x00, 0x00, 0x00, 0x00, 0x00, 0x00, 0x00, 0x00, 
0x00, 0x6A, 0xFF, 0xFF, 0xFF, 0xFF, 0xFF, 0xFF, 0xFF, 0x95, 0x00, 0x00, 0x00, 0x00, 0x00, 0x00, 
0x00, 0x00, 0x00, 0x00, 0x00, 0x00, 0x00, 0x00, 0x00, 0x00, 0x00, 0x00, 0x00, 0x00, 0x00, 0x00, 
0x00, 0x00, 0x00, 0x00, 0x00, 0x00, 0x00, 0x00, 0x00, 0x00, 0x00, 0x21, 0xB7, 0xC8, 0xC8, 0xC8, 
0xC8, 0xC8, 0xBF, 0x31, 0x00, 0x00, 0x00, 0x00, 0x00, 0x00, 0x00, 0x00, 0x00, 0x00, 0x00, 0x00, 
0x00, 0x00, 0x00, 0x00, 0x00, 0x00, 0x00, 0x16, 0x98, 0xDF, 0xF3, 0xF4, 0xF4, 0xF4, 0xF4, 0xF4, 
0xF4, 0xF4, 0xF4, 0xF4, 0xF4, 0xF4, 0xF4, 0xF4, 0xF4, 0xF4, 0xF4, 0xF4, 0xF4, 0xF4, 0xF4, 0xF4, 
0xF4, 0xF4, 0xF4, 0xF4, 0xF4, 0xF4, 0xF4, 0xF4, 0xF4, 0xF4, 0xF4, 0xF4, 0xF4, 0xF4, 0xF4, 0xF4, 
0xF4, 0xF3, 0xDC, 0x8B, 0x0E, 0x00, 0x00, 0x00, 0x0E, 0xDB, 0xFF, 0xFF, 0xFF, 0xFF, 0xFF, 0xFF, 
0xFF, 0xFF, 0xFF, 0xFF, 0xFF, 0xFF, 0xFF, 0xFF, 0xFF, 0xFF, 0xFF, 0xFF, 0xFF, 0xFF, 0xFF, 0xFF, 
0xFF, 0xFF, 0xFF, 0xFF, 0xFF, 0xFF, 0xFF, 0xFF, 0xFF, 0xFF, 0xFF, 0xFF, 0xFF, 0xFF, 0xFF, 0xFF, 
0xFF, 0xFF, 0xFF, 0xFF, 0xFF, 0xFF, 0xD5, 0x12, 0x00, 0x00, 0x84, 0xFF, 0xFF, 0xFF, 0xFF, 0xFF, 
0xFF, 0xFF, 0xFF, 0xFF, 0xFF, 0xFF, 0xFF, 0xFF, 0xFF, 0xFF, 0xFF, 0xFF, 0xFF, 0xFF, 0xFF, 0xFF, 
0xFF, 0xFF, 0xFF, 0xFF, 0xFF, 0xFF, 0xFF, 0xFF, 0xFF, 0xFF, 0xFF, 0xFF, 0xFF, 0xFF, 0xFF, 0xFF, 
0xFF, 0xFF, 0xFF, 0xFF, 0xFF, 0xFF, 0xFF, 0xFF, 0xFF, 0x99, 0x00, 0x00, 0xD7, 0xFF, 0xFF, 0xFF, 
0xFF, 0xFF, 0xFF, 0xFF, 0xFF, 0xFF, 0xFF, 0xFF, 0xFF, 0xFF, 0xFF, 0xFF, 0xFF, 0xFF, 0xFF, 0xFF, 
0xFF, 0xFF, 0xFF, 0xFF, 0xFF, 0xFF, 0xFF, 0xFF, 0xFF, 0xFF, 0xFF, 0xFF, 0xFF, 0xFF, 0xFF, 0xFF, 
0xFF, 0xFF, 0xFF, 0xFF, 0xFF, 0xFF, 0xFF, 0xFF, 0xFF, 0xFF, 0xFF, 0xEA, 0x00, 0x00, 0xF9, 0xFF, 
0xFF, 0xFF, 0xFF, 0xFF, 0xFF, 0xFF, 0xFF, 0xFF, 0xFF, 0xFF, 0xFF, 0xFF, 0xFF, 0xFF, 0xFF, 0xFF, 
0xFF, 0xFF, 0xFF, 0xFF, 0xFF, 0xFF, 0xFF, 0xFF, 0xFF, 0xFF, 0xFF, 0xFF, 0xFF, 0xFF, 0xFF, 0xFF, 
0xFF, 0xFF, 0xFF, 0xFF, 0xFF, 0xFF, 0xFF, 0xFF, 0xFF, 0xFF, 0xFF, 0xFF, 0xFF, 0xFA, 0x00, 0x00, 
0xEB, 0xFF, 0xFF, 0xFF, 0xFF, 0xFF, 0xFF, 0xFF, 0xFF, 0xFF, 0xFF, 0xFF, 0xFF, 0xFF, 0xFF, 0xFF, 
0xFF, 0xFF, 0xFF, 0xFF, 0xFF, 0xFF, 0xFF, 0xFF, 0xFF, 0xFF, 0xFF, 0xFF, 0xFF, 0xFF, 0xFF, 0xFF, 
0xFF, 0xFF, 0xFF, 0xFF, 0xFF, 0xFF, 0xFF, 0xFF, 0xFF, 0xFF, 0xFF, 0xFF, 0xFF, 0xFF, 0xFF, 0xE0, 
0x00, 0x00, 0xA7, 0xFF, 0xFF, 0xFF, 0xFF, 0xFF, 0xFF, 0xFF, 0xFF, 0xFF, 0xFF, 0xFF, 0xFF, 0xFF, 
0xFF, 0xFF, 0xFF, 0xFF, 0xFF, 0xFF, 0xFF, 0xFF, 0xFF, 0xFF, 0xFF, 0xFF, 0xFF, 0xFF, 0xFF, 0xFF, 
0xFF, 0xFF, 0xFF, 0xFF, 0xFF, 0xFF, 0xFF, 0xFF, 0xFF, 0xFF, 0xFF, 0xFF, 0xFF, 0xFF, 0xFF, 0xFF, 
0xFF, 0x9D, 0x00, 0x00, 0x34, 0xFE, 0xFF, 0xFF, 0xFF, 0xFF, 0xFF, 0xFF, 0xFF, 0xFF, 0xFF, 0xFF, 
0xFF, 0xFF, 0xFF, 0xFF, 0xFF, 0xFF, 0xFF, 0xFF, 0xFF, 0xFF, 0xFF, 0xFF, 0xFF, 0xFF, 0xFF, 0xFF, 
0xFF, 0xFF, 0xFF, 0xFF, 0xFF, 0xFF, 0xFF, 0xFF, 0xFF, 0xFF, 0xFF, 0xFF, 0xFF, 0xFF, 0xFF, 0xFF, 
0xFF, 0xFF, 0xFE, 0x32, 0x00, 0x00, 0x00, 0x8F, 0xFF, 0xFF, 0xFF, 0xFF, 0xFF, 0xFF, 0xFF, 0xFF, 
0xFF, 0xFF, 0xFF, 0xFF, 0xFF, 0xFF, 0xFF, 0xFF, 0xFF, 0xFF, 0xFF, 0xFF, 0xFF, 0xFF, 0xFF, 0xFF, 
0xFF, 0xFF, 0xFF, 0xFF, 0xFF, 0xFF, 0xFF, 0xFF, 0xFF, 0xFF, 0xFF, 0xFF, 0xFF, 0xFF, 0xFF, 0xFF, 
0xFF, 0xFF, 0xFF, 0xFF, 0x92, 0x00, 0x00, 0x00, 0x00, 0x04, 0xB9, 0xFF, 0xFF, 0xFF, 0xFF, 0xFF, 
0xFF, 0xFF, 0xFF, 0xFF, 0xFF, 0xFF, 0xFF, 0xFF, 0xFF, 0xFF, 0xFF, 0xFF, 0xFF, 0xFF, 0xFF, 0xFF, 
0xFF, 0xFF, 0xFF, 0xFF, 0xFF, 0xFF, 0xFF, 0xFF, 0xFF, 0xFF, 0xFF, 0xFF, 0xFF, 0xFF, 0xFF, 0xFF, 
0xFF, 0xFF, 0xFF, 0xFF, 0xFF, 0xBE, 0x04, 0x00, 0x00, 0x00, 0x00, 0x00, 0x0E, 0xC0, 0xFF, 0xFF, 
0xFF, 0xFF, 0xFF, 0xFF, 0xFF, 0xFF, 0xFF, 0xFF, 0xFF, 0xFF, 0xFF, 0xFF, 0xFF, 0xFF, 0xFF, 0xFF, 
0xFF, 0xFF, 0xFF, 0xFF, 0xFF, 0xFF, 0xFF, 0xFF, 0xFF, 0xFF, 0xFF, 0xFF, 0xFF, 0xFF, 0xFF, 0xFF, 
0xFF, 0xFF, 0xFF, 0xFF, 0xFF, 0xFF, 0xBF, 0x10, 0x00, 0x00, 0x00, 0x00, 0x00, 0x00, 0x00, 0x04, 
0x93, 0xFF, 0xFF, 0xFF, 0xFF, 0xFF, 0xFF, 0xFF, 0xFF, 0xFF, 0xFF, 0xFF, 0xFF, 0xFF, 0xFF, 0xFF, 
0xFF, 0xFF, 0xFF, 0xFF, 0xFF, 0xFF, 0xFF, 0xFF, 0xFF, 0xFF, 0xFF, 0xFF, 0xFF, 0xFF, 0xFF, 0xFF, 
0xFF, 0xFF, 0xFF, 0xFF, 0xFF, 0xFF, 0xFF, 0x9A, 0x05, 0x00, 0x00, 0x00, 0x00, 0x00, 0x55, 0x00, 
0x00, 0x00, 0x00, 0x53, 0xED, 0xFF, 0xFF, 0xFF, 0xFF, 0xFF, 0xFF, 0xFF, 0xFF, 0xFF, 0xFF, 0xFF, 
0xFF, 0xFF, 0xFF, 0xFF, 0xFF, 0xFF, 0xFF, 0xFF, 0xFF, 0xFF, 0xFF, 0xFF, 0xFF, 0xFF, 0xFF, 0xFF, 
0xFF, 0xFF, 0xFF, 0xFF, 0xFF, 0xFF, 0xFF, 0xEB, 0x52, 0x00, 0x00, 0x00, 0x00, 0x54, 0x00, 0x00, 
0xFC, 0x61, 0x00, 0x00, 0x00, 0x00, 0x1A, 0xB8, 0xFF, 0xFF, 0xFF, 0xFF, 0xFF, 0xFF, 0xFF, 0xFF, 
0xFF, 0xFF, 0xFF, 0xFF, 0xFF, 0xFF, 0xFF, 0xFF, 0xFF, 0xFF, 0xFF, 0xFF, 0xFF, 0xFF, 0xFF, 0xFF, 
0xFF, 0xFF, 0xFF, 0xFF, 0xFF, 0xFF, 0xFF, 0xFF, 0xB5, 0x18, 0x00, 0x00, 0x00, 0x00, 0x5E, 0xFB, 
0x00, 0x00, 0xFF, 0xFF, 0x93, 0x07, 0x00, 0x00, 0x00, 0x01, 0x6A, 0xF5, 0xFF, 0xFF, 0xFF, 0xFF, 
0xFF, 0xFF, 0xFF, 0xFF, 0xFF, 0xFF, 0xFF, 0xFF, 0xFF, 0xFF, 0xFF, 0xFF, 0xFF, 0xFF, 0xFF, 0xFF, 
0xFF, 0xFF, 0xFF, 0xFF, 0xFF, 0xFF, 0xFF, 0xFF, 0xF4, 0x68, 0x00, 0x00, 0x00, 0x00, 0x08, 0x93, 
0xFF, 0xFF, 0x00, 0x00, 0xFF, 0xFF, 0xFF, 0xD4, 0x31, 0x00, 0x00, 0x00, 0x00, 0x25, 0xC6, 0xFF, 
0xFF, 0xFF, 0xFF, 0xFF, 0xFF, 0xFF, 0xFF, 0xFF, 0xFF, 0xFF, 0xFF, 0xFF, 0xFF, 0xFF, 0xFF, 0xFF, 
0xFF, 0xFF, 0xFF, 0xFF, 0xFF, 0xFF, 0xFF, 0xFF, 0xFF, 0xC6, 0x24, 0x00, 0x00, 0x00, 0x00, 0x32, 
0xD5, 0xFF, 0xFF, 0xFF, 0x00, 0x00, 0xFF, 0xFF, 0xFF, 0xFF, 0xFA, 0x7C, 0x03, 0x00, 0x00, 0x00, 
0x03, 0x7B, 0xFA, 0xFF, 0xFF, 0xFF, 0xFF, 0xFF, 0xFF, 0xFF, 0xFF, 0xFF, 0xFF, 0xFF, 0xFF, 0xFF, 
0xFF, 0xFF, 0xFF, 0xFF, 0xFF, 0xFF, 0xFF, 0xFF, 0xFF, 0xFA, 0x7B, 0x03, 0x00, 0x00, 0x00, 0x03, 
0x7C, 0xFA, 0xFF, 0xFF, 0xFF, 0xFF, 0x00, 0x00, 0xFF, 0xFF, 0xFF, 0xFF, 0xFF, 0xFF, 0xC8, 0x26, 
0x00, 0x00, 0x00, 0x00, 0x30, 0xD3, 0xFF, 0xFF, 0xFF, 0xFF, 0xFF, 0xFF, 0xFF, 0xFF, 0xFF, 0xFF, 
0xFF, 0xFF, 0xFF, 0xFF, 0xFF, 0xFF, 0xFF, 0xFF, 0xFF, 0xFF, 0xD4, 0x31, 0x00, 0x00, 0x00, 0x00, 
0x26, 0xC8, 0xFF, 0xFF, 0xFF, 0xFF, 0xFF, 0xFF, 0x00, 0x00, 0xFF, 0xFF, 0xFF, 0xFF, 0xFF, 0xFF, 
0xFF, 0xF5, 0x6A, 0x00, 0x00, 0x00, 0x00, 0x07, 0x8B, 0xFD, 0xFF, 0xFF, 0xFF, 0xFF, 0xFF, 0xFF, 
0xFF, 0xFF, 0xFF, 0xFF, 0xFF, 0xFF, 0xFF, 0xFF, 0xFF, 0xFF, 0xFE, 0x8D, 0x08, 0x00, 0x00, 0x00, 
0x00, 0x6A, 0xF5, 0xFF, 0xFF, 0xFF, 0xFF, 0xFF, 0xFF, 0xFF, 0x00, 0x00, 0xFF, 0xFF, 0xFF, 0xFF, 
0xFF, 0xFF, 0xFF, 0xFF, 0xFF, 0xB8, 0x1A, 0x00, 0x00, 0x00, 0x00, 0x3D, 0xDE, 0xFF, 0xFF, 0xFF, 
0xFF, 0xFF, 0xFF, 0xFF, 0xFF, 0xFF, 0xFF, 0xFF, 0xFF, 0xFF, 0xFF, 0xDF, 0x3F, 0x00, 0x00, 0x00, 
0x00, 0x19, 0xB7, 0xFF, 0xFF, 0xFF, 0xFF, 0xFF, 0xFF, 0xFF, 0xFF, 0xFF, 0x00, 0x00, 0xFF, 0xFF, 
0xFF, 0xFF, 0xFF, 0xFF, 0xFF, 0xFF, 0xFF, 0xFF, 0xED, 0x55, 0x00, 0x00, 0x00, 0x00, 0x0D, 0x9C, 
0xFF, 0xFF, 0xFF, 0xFF, 0xFF, 0xFF, 0xFF, 0xFF, 0xFF, 0xFF, 0xFF, 0xFF, 0x9F, 0x0D, 0x00, 0x00, 
0x00, 0x00, 0x52, 0xEC, 0xFF, 0xFF, 0xFF, 0xFF, 0xFF, 0xFF, 0xFF, 0xFF, 0xFF, 0xFF, 0x00, 0x00, 
0xFF, 0xFF, 0xFF, 0xFF, 0xFF, 0xFF, 0xFF, 0xFF, 0xFF, 0xFF, 0xFF, 0xFF, 0xA0, 0x0D, 0x00, 0x00, 
0x00, 0x00, 0x60, 0xF5, 0xFF, 0xFF, 0xFF, 0xFF, 0xFF, 0xFF, 0xFF, 0xFF, 0xF1, 0x5A, 0x00, 0x00, 
0x00, 0x00, 0x0D, 0x9F, 0xFF, 0xFF, 0xFF, 0xFF, 0xFF, 0xFF, 0xFF, 0xFF, 0xFF, 0xFF, 0xFF, 0xFF, 
0x00, 0x00, 0xFF, 0xFF, 0xFF, 0xFF, 0xFF, 0xFF, 0xFF, 0xFF, 0xFF, 0xFF, 0xFF, 0xFF, 0xFF, 0xDE, 
0x39, 0x00, 0x00, 0x00, 0x00, 0x22, 0xB6, 0xFF, 0xFF, 0xFF, 0xFF, 0xFF, 0xFF, 0xC0, 0x22, 0x00, 
0x00, 0x00, 0x00, 0x38, 0xDD, 0xFF, 0xFF, 0xFF, 0xFF, 0xFF, 0xFF, 0xFF, 0xFF, 0xFF, 0xFF, 0xFF, 
0xFF, 0xFF, 0x00, 0x00, 0xFF, 0xFF, 0xFF, 0xFF, 0xFF, 0xFF, 0xFF, 0xFF, 0xFF, 0xFF, 0xFF, 0xFF, 
0xFF, 0xFF, 0xFC, 0x7D, 0x02, 0x00, 0x00, 0x00, 0x00, 0x45, 0xB9, 0xF4, 0xFD, 0xBF, 0x4A, 0x00, 
0x00, 0x00, 0x00, 0x03, 0x7D, 0xFB, 0xFF, 0xFF, 0xFF, 0xFF, 0xFF, 0xFF, 0xFF, 0xFF, 0xFF, 0xFF, 
0xFF, 0xFF, 0xFF, 0xFF, 0x00, 0x00, 0xFF, 0xFF, 0xFF, 0xFF, 0xFF, 0xFF, 0xFF, 0xFF, 0xFF, 0xFF, 
0xFF, 0xFF, 0xFF, 0xFF, 0xFF, 0xFF, 0xBE, 0x19, 0x00, 0x00, 0x00, 0x00, 0x00, 0x02, 0x05, 0x00, 
0x00, 0x00, 0x00, 0x00, 0x1A, 0xC0, 0xFF, 0xFF, 0xFF, 0xFF, 0xFF, 0xFF, 0xFF, 0xFF, 0xFF, 0xFF, 
0xFF, 0xFF, 0xFF, 0xFF, 0xFF, 0xFF, 0x00, 0x00, 0xFF, 0xFF, 0xFF, 0xFF, 0xFF, 0xFF, 0xFF, 0xFF, 
0xFF, 0xFF, 0xFF, 0xFF, 0xFF, 0xFF, 0xFF, 0xFF, 0xFF, 0xEA, 0x4E, 0x00, 0x00, 0x00, 0x00, 0x00, 
0x00, 0x00, 0x00, 0x00, 0x00, 0x51, 0xEB, 0xFF, 0xFF, 0xFF, 0xFF, 0xFF, 0xFF, 0xFF, 0xFF, 0xFF, 
0xFF, 0xFF, 0xFF, 0xFF, 0xFF, 0xFF, 0xFF, 0xFF, 0x00, 0x00, 0xFF, 0xFF, 0xFF, 0xFF, 0xFF, 0xFF, 
0xFF, 0xFF, 0xFF, 0xFF, 0xFF, 0xFF, 0xFF, 0xFF, 0xFF, 0xFF, 0xFF, 0xFF, 0xFF, 0xB8, 0x3C, 0x00, 
0x00, 0x00, 0x00, 0x00, 0x00, 0x3D, 0xB7, 0xFF, 0xFF, 0xFF, 0xFF, 0xFF, 0xFF, 0xFF, 0xFF, 0xFF, 
0xFF, 0xFF, 0xFF, 0xFF, 0xFF, 0xFF, 0xFF, 0xFF, 0xFF, 0xFF, 0x00, 0x00, 0xFF, 0xFF, 0xFF, 0xFF, 
0xFF, 0xFF, 0xFF, 0xFF, 0xFF, 0xFF, 0xFF, 0xFF, 0xFF, 0xFF, 0xFF, 0xFF, 0xFF, 0xFF, 0xFF, 0xFF, 
0xFF, 0xD8, 0x8C, 0x6A, 0x6C, 0x90, 0xDA, 0xFF, 0xFF, 0xFF, 0xFF, 0xFF, 0xFF, 0xFF, 0xFF, 0xFF, 
0xFF, 0xFF, 0xFF, 0xFF, 0xFF, 0xFF, 0xFF, 0xFF, 0xFF, 0xFF, 0xFF, 0xFF, 0x00, 0x00, 0xFF, 0xFF, 
0xFF, 0xFF, 0xFF, 0xFF, 0xFF, 0xFF, 0xFF, 0xFF, 0xFF, 0xFF, 0xFF, 0xFF, 0xFF, 0xFF, 0xFF, 0xFF, 
0xFF, 0xFF, 0xFF, 0xFF, 0xFF, 0xFF, 0xFF, 0xFF, 0xFF, 0xFF, 0xFF, 0xFF, 0xFF, 0xFF, 0xFF, 0xFF, 
0xFF, 0xFF, 0xFF, 0xFF, 0xFF, 0xFF, 0xFF, 0xFF, 0xFF, 0xFF, 0xFF, 0xFF, 0xFF, 0xFF, 0x00, 0x00, 
0xFF, 0xFF, 0xFF, 0xFF, 0xFF, 0xFF, 0xFF, 0xFF, 0xFF, 0xFF, 0xFF, 0xFF, 0xFF, 0xFF, 0xFF, 0xFF, 
0xFF, 0xFF, 0xFF, 0xFF, 0xFF, 0xFF, 0xFF, 0xFF, 0xFF, 0xFF, 0xFF, 0xFF, 0xFF, 0xFF, 0xFF, 0xFF, 
0xFF, 0xFF, 0xFF, 0xFF, 0xFF, 0xFF, 0xFF, 0xFF, 0xFF, 0xFF, 0xFF, 0xFF, 0xFF, 0xFF, 0xFF, 0xFF, 
0x00, 0x00, 0xFF, 0xFF, 0xFF, 0xFF, 0xFF, 0xFF, 0xFF, 0xFF, 0xFF, 0xFF, 0xFF, 0xFF, 0xFF, 0xFF, 
0xFF, 0xFF, 0xFF, 0xFF, 0xFF, 0xFF, 0xFF, 0xFF, 0xFF, 0xFF, 0xFF, 0xFF, 0xFF, 0xFF, 0xFF, 0xFF, 
0xFF, 0xFF, 0xFF, 0xFF, 0xFF, 0xFF, 0xFF, 0xFF, 0xFF, 0xFF, 0xFF, 0xFF, 0xFF, 0xFF, 0xFF, 0xFF, 
0xFF, 0xFF, 0x00, 0x00, 0xFF, 0xFF, 0xFF, 0xFF, 0xFF, 0xFF, 0xFF, 0xFF, 0xFF, 0xFF, 0xFF, 0xFF, 
0xFF, 0xFF, 0xFF, 0xFF, 0xFF, 0xFF, 0xFF, 0xFF, 0xFF, 0xFF, 0xFF, 0xFF, 0xFF, 0xFF, 0xFF, 0xFF, 
0xFF, 0xFF, 0xFF, 0xFF, 0xFF, 0xFF, 0xFF, 0xFF, 0xFF, 0xFF, 0xFF, 0xFF, 0xFF, 0xFF, 0xFF, 0xFF, 
0xFF, 0xFF, 0xFF, 0xFF, 0x00, 0x00, 0xFF, 0xFF, 0xFF, 0xFF, 0xFF, 0xFF, 0xFF, 0xFF, 0xFF, 0xFF, 
0xFF, 0xFF, 0xFF, 0xFF, 0xFF, 0xFF, 0xFF, 0xFF, 0xFF, 0xFF, 0xFF, 0xFF, 0xFF, 0xFF, 0xFF, 0xFF, 
0xFF, 0xFF, 0xFF, 0xFF, 0xFF, 0xFF, 0xFF, 0xFF, 0xFF, 0xFF, 0xFF, 0xFF, 0xFF, 0xFF, 0xFF, 0xFF, 
0xFF, 0xFF, 0xFF, 0xFF, 0xFF, 0xFF, 0x00, 0x00, 0xFE, 0xFF, 0xFF, 0xFF, 0xFF, 0xFF, 0xFF, 0xFF, 
0xFF, 0xFF, 0xFF, 0xFF, 0xFF, 0xFF, 0xFF, 0xFF, 0xFF, 0xFF, 0xFF, 0xFF, 0xFF, 0xFF, 0xFF, 0xFF, 
0xFF, 0xFF, 0xFF, 0xFF, 0xFF, 0xFF, 0xFF, 0xFF, 0xFF, 0xFF, 0xFF, 0xFF, 0xFF, 0xFF, 0xFF, 0xFF, 
0xFF, 0xFF, 0xFF, 0xFF, 0xFF, 0xFF, 0xFF, 0xFD, 0x00, 0x00, 0xE7, 0xFF, 0xFF, 0xFF, 0xFF, 0xFF, 
0xFF, 0xFF, 0xFF, 0xFF, 0xFF, 0xFF, 0xFF, 0xFF, 0xFF, 0xFF, 0xFF, 0xFF, 0xFF, 0xFF, 0xFF, 0xFF, 
0xFF, 0xFF, 0xFF, 0xFF, 0xFF, 0xFF, 0xFF, 0xFF, 0xFF, 0xFF, 0xFF, 0xFF, 0xFF, 0xFF, 0xFF, 0xFF, 
0xFF, 0xFF, 0xFF, 0xFF, 0xFF, 0xFF, 0xFF, 0xFF, 0xFF, 0xE3, 0x00, 0x00, 0x8F, 0xFF, 0xFF, 0xFF, 
0xFF, 0xFF, 0xFF, 0xFF, 0xFF, 0xFF, 0xFF, 0xFF, 0xFF, 0xFF, 0xFF, 0xFF, 0xFF, 0xFF, 0xFF, 0xFF, 
0xFF, 0xFF, 0xFF, 0xFF, 0xFF, 0xFF, 0xFF, 0xFF, 0xFF, 0xFF, 0xFF, 0xFF, 0xFF, 0xFF, 0xFF, 0xFF, 
0xFF, 0xFF, 0xFF, 0xFF, 0xFF, 0xFF, 0xFF, 0xFF, 0xFF, 0xFF, 0xFF, 0x8C, 0x00, 0x00, 0x0D, 0xCE, 
0xFF, 0xFF, 0xFF, 0xFF, 0xFF, 0xFF, 0xFF, 0xFF, 0xFF, 0xFF, 0xFF, 0xFF, 0xFF, 0xFF, 0xFF, 0xFF, 
0xFF, 0xFF, 0xFF, 0xFF, 0xFF, 0xFF, 0xFF, 0xFF, 0xFF, 0xFF, 0xFF, 0xFF, 0xFF, 0xFF, 0xFF, 0xFF, 
0xFF, 0xFF, 0xFF, 0xFF, 0xFF, 0xFF, 0xFF, 0xFF, 0xFF, 0xFF, 0xFF, 0xFF, 0xCE, 0x0D, 0x00, 0x00, 
0x00, 0x0C, 0x88, 0xDC, 0xF3, 0xF4, 0xF4, 0xF4, 0xF4, 0xF4, 0xF4, 0xF4, 0xF4, 0xF4, 0xF4, 0xF4, 
0xF4, 0xF4, 0xF4, 0xF4, 0xF4, 0xF4, 0xF4, 0xF4, 0xF4, 0xF4, 0xF4, 0xF4, 0xF4, 0xF4, 0xF4, 0xF4, 
0xF4, 0xF4, 0xF4, 0xF4, 0xF4, 0xF4, 0xF4, 0xF4, 0xF4, 0xF4, 0xF4, 0xF3, 0xD9, 0x84, 0x0B, 0x00, 
0x00
};

static const byte Roboto_Medium_16[] PROGMEM = {
  0x00, 0x00, 0x00, 0x7D, 0x00, 0x00, 0x00, 0x0B, 0x00, 0x00, 0x00, 0x10, 0x00, 0x00, 0x00, 0x00,
  0x00, 0x00, 0x00, 0x10, 0xFF, 0xFF, 0xFF, 0xFB, 0x00, 0x00, 0x00, 0x20, 0x00, 0x00, 0x00, 0x00,
  0x00, 0x00, 0x00, 0x00, 0x00, 0x00, 0x00, 0x04, 0x00, 0x00, 0x00, 0x00, 0x00, 0x00, 0x00, 0x00,
  0x00, 0x00, 0x00, 0x00, 0x00, 0x00, 0x00, 0x21, 0x00, 0x00, 0x00, 0x0C, 0x00, 0x00, 0x00, 0x03,
  0x00, 0x00, 0x00, 0x05, 0x00, 0x00, 0x00, 0x0C, 0x00, 0x00, 0x00, 0x01, 0x00, 0x00, 0x00, 0x00,
  0x00, 0x00, 0x00, 0x22, 0x00, 0x00, 0x00, 0x05, 0x00, 0x00, 0x00, 0x05, 0x00, 0x00, 0x00, 0x06,
  0x00, 0x00, 0x00, 0x0C, 0x00, 0x00, 0x00, 0x00, 0x00, 0x00, 0x00, 0x00, 0x00, 0x00, 0x00, 0x23,
  0x00, 0x00, 0x00, 0x0C, 0x00, 0x00, 0x00, 0x0A, 0x00, 0x00, 0x00, 0x0A, 0x00, 0x00, 0x00, 0x0C,
  0x00, 0x00, 0x00, 0x00, 0x00, 0x00, 0x00, 0x00, 0x00, 0x00, 0x00, 0x24, 0x00, 0x00, 0x00, 0x10,
  0x00, 0x00, 0x00, 0x09, 0x00, 0x00, 0x00, 0x0A, 0x00, 0x00, 0x00, 0x0E, 0x00, 0x00, 0x00, 0x00,
  0x00, 0x00, 0x00, 0x00, 0x00, 0x00, 0x00, 0x25, 0x00, 0x00, 0x00, 0x0C, 0x00, 0x00, 0x00, 0x0C,
  0x00, 0x00, 0x00, 0x0C, 0x00, 0x00, 0x00, 0x0C, 0x00, 0x00, 0x00, 0x00, 0x00, 0x00, 0x00, 0x00,
  0x00, 0x00, 0x00, 0x26, 0x00, 0x00, 0x00, 0x0C, 0x00, 0x00, 0x00, 0x0B, 0x00, 0x00, 0x00, 0x0B,
  0x00, 0x00, 0x00, 0x0C, 0x00, 0x00, 0x00, 0x00, 0x00, 0x00, 0x00, 0x00, 0x00, 0x00, 0x00, 0x27,
  0x00, 0x00, 0x00, 0x05, 0x00, 0x00, 0x00, 0x03, 0x00, 0x00, 0x00, 0x03, 0x00, 0x00, 0x00, 0x0C,
  0x00, 0x00, 0x00, 0x00, 0x00, 0x00, 0x00, 0x00, 0x00, 0x00, 0x00, 0x28, 0x00, 0x00, 0x00, 0x12,
  0x00, 0x00, 0x00, 0x05, 0x00, 0x00, 0x00, 0x06, 0x00, 0x00, 0x00, 0x0E, 0x00, 0x00, 0x00, 0x01,
  0x00, 0x00, 0x00, 0x00, 0x00, 0x00, 0x00, 0x29, 0x00, 0x00, 0x00, 0x12, 0x00, 0x00, 0x00, 0x05,
  0x00, 0x00, 0x00, 0x06, 0x00, 0x00, 0x00, 0x0E, 0x00, 0x00, 0x00, 0x00, 0x00, 0x00, 0x00, 0x00,
  0x00, 0x00, 0x00, 0x2A, 0x00, 0x00, 0x00, 0x08, 0x00, 0x00, 0x00, 0x07, 0x00, 0x00, 0x00, 0x08,
  0x00, 0x00, 0x00, 0x0C, 0x00, 0x00, 0x00, 0x00, 0x00, 0x00, 0x00, 0x00, 0x00, 0x00, 0x00, 0x2B,
  0x00, 0x00, 0x00, 0x09, 0x00, 0x00, 0x00, 0x09, 0x00, 0x00, 0x00, 0x09, 0x00, 0x00, 0x00, 0x0A,
  0x00, 0x00, 0x00, 0x00, 0x00, 0x00, 0x00, 0x00, 0x00, 0x00, 0x00, 0x2C, 0x00, 0x00, 0x00, 0x05,
  0x00, 0x00, 0x00, 0x03, 0x00, 0x00, 0x00, 0x04, 0x00, 0x00, 0x00, 0x02, 0x00, 0x00, 0x00, 0x00,
  0x00, 0x00, 0x00, 0x00, 0x00, 0x00, 0x00, 0x2D, 0x00, 0x00, 0x00, 0x02, 0x00, 0x00, 0x00, 0x05,
  0x00, 0x00, 0x00, 0x06, 0x00, 0x00, 0x00, 0x06, 0x00, 0x00, 0x00, 0x00, 0x00, 0x00, 0x00, 0x00,
  0x00, 0x00, 0x00, 0x2E, 0x00, 0x00, 0x00, 0x03, 0x00, 0x00, 0x00, 0x03, 0x00, 0x00, 0x00, 0x05,
  0x00, 0x00, 0x00, 0x03, 0x00, 0x00, 0x00, 0x01, 0x00, 0x00, 0x00, 0x00, 0x00, 0x00, 0x00, 0x2F,
  0x00, 0x00, 0x00, 0x0D, 0x00, 0x00, 0x00, 0x06, 0x00, 0x00, 0x00, 0x07, 0x00, 0x00, 0x00, 0x0C,
  0x00, 0x00, 0x00, 0x00, 0x00, 0x00, 0x00, 0x00, 0x00, 0x00, 0x00, 0x30, 0x00, 0x00, 0x00, 0x0C,
  0x00, 0x00, 0x00, 0x09, 0x00, 0x00, 0x00, 0x0A, 0x00, 0x00, 0x00, 0x0C, 0x00, 0x00, 0x00, 0x00,
  0x00, 0x00, 0x00, 0x00, 0x00, 0x00, 0x00, 0x31, 0x00, 0x00, 0x00, 0x0C, 0x00, 0x00, 0x00, 0x05,
  0x00, 0x00, 0x00, 0x0A, 0x00, 0x00, 0x00, 0x0C, 0x00, 0x00, 0x00, 0x01, 0x00, 0x00, 0x00, 0x00,
  0x00, 0x00, 0x00, 0x32, 0x00, 0x00, 0x00, 0x0C, 0x00, 0x00, 0x00, 0x09, 0x00, 0x00, 0x00, 0x0A,
  0x00, 0x00, 0x00, 0x0C, 0x00, 0x00, 0x00, 0x00, 0x00, 0x00, 0x00, 0x00, 0x00, 0x00, 0x00, 0x33,
  0x00, 0x00, 0x00, 0x0C, 0x00, 0x00, 0x00, 0x09, 0x00, 0x00, 0x00, 0x0A, 0x00, 0x00, 0x00, 0x0C,
  0x00, 0x00, 0x00, 0x00, 0x00, 0x00, 0x00, 0x00, 0x00, 0x00, 0x00, 0x34, 0x00, 0x00, 0x00, 0x0C,
  0x00, 0x00, 0x00, 0x09, 0x00, 0x00, 0x00, 0x0A, 0x00, 0x00, 0x00, 0x0C, 0x00, 0x00, 0x00, 0x00,
  0x00, 0x00, 0x00, 0x00, 0x00, 0x00, 0x00, 0x35, 0x00, 0x00, 0x00, 0x0C, 0x00, 0x00, 0x00, 0x08,
  0x00, 0x00, 0x00, 0x0A, 0x00, 0x00, 0x00, 0x0C, 0x00, 0x00, 0x00, 0x01, 0x00, 0x00, 0x00, 0x00,
  0x00, 0x00, 0x00, 0x36, 0x00, 0x00, 0x00, 0x0C, 0x00, 0x00, 0x00, 0x09, 0x00, 0x00, 0x00, 0x0A,
  0x00, 0x00, 0x00, 0x0C, 0x00, 0x00, 0x00, 0x00, 0x00, 0x00, 0x00, 0x00, 0x00, 0x00, 0x00, 0x37,
  0x00, 0x00, 0x00, 0x0C, 0x00, 0x00, 0x00, 0x09, 0x00, 0x00, 0x00, 0x0A, 0x00, 0x00, 0x00, 0x0C,
  0x00, 0x00, 0x00, 0x00, 0x00, 0x00, 0x00, 0x00, 0x00, 0x00, 0x00, 0x38, 0x00, 0x00, 0x00, 0x0C,
  0x00, 0x00, 0x00, 0x09, 0x00, 0x00, 0x00, 0x0A, 0x00, 0x00, 0x00, 0x0C, 0x00, 0x00, 0x00, 0x00,
  0x00, 0x00, 0x00, 0x00, 0x00, 0x00, 0x00, 0x39, 0x00, 0x00, 0x00, 0x0C, 0x00, 0x00, 0x00, 0x09,
  0x00, 0x00, 0x00, 0x0A, 0x00, 0x00, 0x00, 0x0C, 0x00, 0x00, 0x00, 0x00, 0x00, 0x00, 0x00, 0x00,
  0x00, 0x00, 0x00, 0x3A, 0x00, 0x00, 0x00, 0x09, 0x00, 0x00, 0x00, 0x03, 0x00, 0x00, 0x00, 0x05,
  0x00, 0x00, 0x00, 0x09, 0x00, 0x00, 0x00, 0x01, 0x00, 0x00, 0x00, 0x00, 0x00, 0x00, 0x00, 0x3B,
  0x00, 0x00, 0x00, 0x0C, 0x00, 0x00, 0x00, 0x04, 0x00, 0x00, 0x00, 0x04, 0x00, 0x00, 0x00, 0x09,
  0x00, 0x00, 0x00, 0x00, 0x00, 0x00, 0x00, 0x00, 0x00, 0x00, 0x00, 0x3C, 0x00, 0x00, 0x00, 0x08,
  0x00, 0x00, 0x00, 0x08, 0x00, 0x00, 0x00, 0x09, 0x00, 0x00, 0x00, 0x09, 0x00, 0x00, 0x00, 0x00,
  0x00, 0x00, 0x00, 0x00, 0x00, 0x00, 0x00, 0x3D, 0x00, 0x00, 0x00, 0x05, 0x00, 0x00, 0x00, 0x07,
  0x00, 0x00, 0x00, 0x09, 0x00, 0x00, 0x00, 0x08, 0x00, 0x00, 0x00, 0x01, 0x00, 0x00, 0x00, 0x00,
  0x00, 0x00, 0x00, 0x3E, 0x00, 0x00, 0x00, 0x08, 0x00, 0x00, 0x00, 0x08, 0x00, 0x00, 0x00, 0x09,
  0x00, 0x00, 0x00, 0x09, 0x00, 0x00, 0x00, 0x00, 0x00, 0x00, 0x00, 0x00, 0x00, 0x00, 0x00, 0x3F,
  0x00, 0x00, 0x00, 0x0C, 0x00, 0x00, 0x00, 0x08, 0x00, 0x00, 0x00, 0x08, 0x00, 0x00, 0x00, 0x0C,
  0x00, 0x00, 0x00, 0x00, 0x00, 0x00, 0x00, 0x00, 0x00, 0x00, 0x00, 0x40, 0x00, 0x00, 0x00, 0x0F,
  0x00, 0x00, 0x00, 0x0E, 0x00, 0x00, 0x00, 0x0F, 0x00, 0x00, 0x00, 0x0C, 0x00, 0x00, 0x00, 0x00,
  0x00, 0x00, 0x00, 0x00, 0x00, 0x00, 0x00, 0x41, 0x00, 0x00, 0x00, 0x0C, 0x00, 0x00, 0x00, 0x0B,
  0x00, 0x00, 0x00, 0x0B, 0x00, 0x00, 0x00, 0x0C, 0x00, 0x00, 0x00, 0x00, 0x00, 0x00, 0x00, 0x00,
  0x00, 0x00, 0x00, 0x42, 0x00, 0x00, 0x00, 0x0C, 0x00, 0x00, 0x00, 0x09, 0x00, 0x00, 0x00, 0x0B,
  0x00, 0x00, 0x00, 0x0C, 0x00, 0x00, 0x00, 0x01, 0x00, 0x00, 0x00, 0x00, 0x00, 0x00, 0x00, 0x43,
  0x00, 0x00, 0x00, 0x0C, 0x00, 0x00, 0x00, 0x0A, 0x00, 0x00, 0x00, 0x0B, 0x00, 0x00, 0x00, 0x0C,
  0x00, 0x00, 0x00, 0x00, 0x00, 0x00, 0x00, 0x00, 0x00, 0x00, 0x00, 0x44, 0x00, 0x00, 0x00, 0x0C,
  0x00, 0x00, 0x00, 0x09, 0x00, 0x00, 0x00, 0x0B, 0x00, 0x00, 0x00, 0x0C, 0x00, 0x00, 0x00, 0x01,
  0x00, 0x00, 0x00, 0x00, 0x00, 0x00, 0x00, 0x45, 0x00, 0x00, 0x00, 0x0C, 0x00, 0x00, 0x00, 0x08,
  0x00, 0x00, 0x00, 0x0A, 0x00, 0x00, 0x00, 0x0C, 0x00, 0x00, 0x00, 0x01, 0x00, 0x00, 0x00, 0x00,
  0x00, 0x00, 0x00, 0x46, 0x00, 0x00, 0x00, 0x0C, 0x00, 0x00, 0x00, 0x08, 0x00, 0x00, 0x00, 0x09,
  0x00, 0x00, 0x00, 0x0C, 0x00, 0x00, 0x00, 0x01, 0x00, 0x00, 0x00, 0x00, 0x00, 0x00, 0x00, 0x47,
  0x00, 0x00, 0x00, 0x0C, 0x00, 0x00, 0x00, 0x0A, 0x00, 0x00, 0x00, 0x0B, 0x00, 0x00, 0x00, 0x0C,
  0x00, 0x00, 0x00, 0x00, 0x00, 0x00, 0x00, 0x00, 0x00, 0x00, 0x00, 0x48, 0x00, 0x00, 0x00, 0x0C,
  0x00, 0x00, 0x00, 0x0A, 0x00, 0x00, 0x00, 0x0C, 0x00, 0x00, 0x00, 0x0C, 0x00, 0x00, 0x00, 0x01,
  0x00, 0x00, 0x00, 0x00, 0x00, 0x00, 0x00, 0x49, 0x00, 0x00, 0x00, 0x0C, 0x00, 0x00, 0x00, 0x03,
  0x00, 0x00, 0x00, 0x05, 0x00, 0x00, 0x00, 0x0C, 0x00, 0x00, 0x00, 0x01, 0x00, 0x00, 0x00, 0x00,
  0x00, 0x00, 0x00, 0x4A, 0x00, 0x00, 0x00, 0x0C, 0x00, 0x00, 0x00, 0x08, 0x00, 0x00, 0x00, 0x09,
  0x00, 0x00, 0x00, 0x0C, 0x00, 0x00, 0x00, 0x00, 0x00, 0x00, 0x00, 0x00, 0x00, 0x00, 0x00, 0x4B,
  0x00, 0x00, 0x00, 0x0C, 0x00, 0x00, 0x00, 0x0A, 0x00, 0x00, 0x00, 0x0B, 0x00, 0x00, 0x00, 0x0C,
  0x00, 0x00, 0x00, 0x01, 0x00, 0x00, 0x00, 0x00, 0x00, 0x00, 0x00, 0x4C, 0x00, 0x00, 0x00, 0x0C,
  0x00, 0x00, 0x00, 0x08, 0x00, 0x00, 0x00, 0x09, 0x00, 0x00, 0x00, 0x0C, 0x00, 0x00, 0x00, 0x01,
  0x00, 0x00, 0x00, 0x00, 0x00, 0x00, 0x00, 0x4D, 0x00, 0x00, 0x00, 0x0C, 0x00, 0x00, 0x00, 0x0C,
  0x00, 0x00, 0x00, 0x0E, 0x00, 0x00, 0x00, 0x0C, 0x00, 0x00, 0x00, 0x01, 0x00, 0x00, 0x00, 0x00,
  0x00, 0x00, 0x00, 0x4E, 0x00, 0x00, 0x00, 0x0C, 0x00, 0x00, 0x00, 0x0A, 0x00, 0x00, 0x00, 0x0C,
  0x00, 0x00, 0x00, 0x0C, 0x00, 0x00, 0x00, 0x01, 0x00, 0x00, 0x00, 0x00, 0x00, 0x00, 0x00, 0x4F,
  0x00, 0x00, 0x00, 0x0C, 0x00, 0x00, 0x00, 0x0B, 0x00, 0x00, 0x00, 0x0C, 0x00, 0x00, 0x00, 0x0C,
  0x00, 0x00, 0x00, 0x00, 0x00, 0x00, 0x00, 0x00, 0x00, 0x00, 0x00, 0x50, 0x00, 0x00, 0x00, 0x0C,
  0x00, 0x00, 0x00, 0x09, 0x00, 0x00, 0x00, 0x0B, 0x00, 0x00, 0x00, 0x0C, 0x00, 0x00, 0x00, 0x01,
  0x00, 0x00, 0x00, 0x00, 0x00, 0x00, 0x00, 0x51, 0x00, 0x00, 0x00, 0x0E, 0x00, 0x00, 0x00, 0x0B,
  0x00, 0x00, 0x00, 0x0C, 0x00, 0x00, 0x00, 0x0C, 0x00, 0x00, 0x00, 0x00, 0x00, 0x00, 0x00, 0x00,
  0x00, 0x00, 0x00, 0x52, 0x00, 0x00, 0x00, 0x0C, 0x00, 0x00, 0x00, 0x09, 0x00, 0x00, 0x00, 0x0B,
  0x00, 0x00, 0x00, 0x0C, 0x00, 0x00, 0x00, 0x01, 0x00, 0x00, 0x00, 0x00, 0x00, 0x00, 0x00, 0x53,
  0x00, 0x00, 0x00, 0x0C, 0x00, 0x00, 0x00, 0x0A, 0x00, 0x00, 0x00, 0x0A, 0x00, 0x00, 0x00, 0x0C,
  0x00, 0x00, 0x00, 0x00, 0x00, 0x00, 0x00, 0x00, 0x00, 0x00, 0x00, 0x54, 0x00, 0x00, 0x00, 0x0C,
  0x00, 0x00, 0x00, 0x0A, 0x00, 0x00, 0x00, 0x0A, 0x00, 0x00, 0x00, 0x0C, 0x00, 0x00, 0x00, 0x00,
  0x00, 0x00, 0x00, 0x00, 0x00, 0x00, 0x00, 0x55, 0x00, 0x00, 0x00, 0x0C, 0x00, 0x00, 0x00, 0x09,
  0x00, 0x00, 0x00, 0x0B, 0x00, 0x00, 0x00, 0x0C, 0x00, 0x00, 0x00, 0x01, 0x00, 0x00, 0x00, 0x00,
  0x00, 0x00, 0x00, 0x56, 0x00, 0x00, 0x00, 0x0C, 0x00, 0x00, 0x00, 0x0B, 0x00, 0x00, 0x00, 0x0B,
  0x00, 0x00, 0x00, 0x0C, 0x00, 0x00, 0x00, 0x00, 0x00, 0x00, 0x00, 0x00, 0x00, 0x00, 0x00, 0x57,
  0x00, 0x00, 0x00, 0x0C, 0x00, 0x00, 0x00, 0x0E, 0x00, 0x00, 0x00, 0x0F, 0x00, 0x00, 0x00, 0x0C,
  0x00, 0x00, 0x00, 0x00, 0x00, 0x00, 0x00, 0x00, 0x00, 0x00, 0x00, 0x58, 0x00, 0x00, 0x00, 0x0C,
  0x00, 0x00, 0x00, 0x0A, 0x00, 0x00, 0x00, 0x0B, 0x00, 0x00, 0x00, 0x0C, 0x00, 0x00, 0x00, 0x00,
  0x00, 0x00, 0x00, 0x00, 0x00, 0x00, 0x00, 0x59, 0x00, 0x00, 0x00, 0x0C, 0x00, 0x00, 0x00, 0x0A,
  0x00, 0x00, 0x00, 0x0A, 0x00, 0x00, 0x00, 0x0C, 0x00, 0x00, 0x00, 0x00, 0x00, 0x00, 0x00, 0x00,
  0x00, 0x00, 0x00, 0x5A, 0x00, 0x00, 0x00, 0x0C, 0x00, 0x00, 0x00, 0x0A, 0x00, 0x00, 0x00, 0x0A,
  0x00, 0x00, 0x00, 0x0C, 0x00, 0x00, 0x00, 0x00, 0x00, 0x00, 0x00, 0x00, 0x00, 0x00, 0x00, 0x5B,
  0x00, 0x00, 0x00, 0x11, 0x00, 0x00, 0x00, 0x04, 0x00, 0x00, 0x00, 0x05, 0x00, 0x00, 0x00, 0x0E,
  0x00, 0x00, 0x00, 0x01, 0x00, 0x00, 0x00, 0x00, 0x00, 0x00, 0x00, 0x5C, 0x00, 0x00, 0x00, 0x0D,
  0x00, 0x00, 0x00, 0x07, 0x00, 0x00, 0x00, 0x07, 0x00, 0x00, 0x00, 0x0C, 0x00, 0x00, 0x00, 0x00,
  0x00, 0x00, 0x00, 0x00, 0x00, 0x00, 0x00, 0x5D, 0x00, 0x00, 0x00, 0x11, 0x00, 0x00, 0x00, 0x04,
  0x00, 0x00, 0x00, 0x05, 0x00, 0x00, 0x00, 0x0E, 0x00, 0x00, 0x00, 0x00, 0x00, 0x00, 0x00, 0x00,
  0x00, 0x00, 0x00, 0x5E, 0x00, 0x00, 0x00, 0x06, 0x00, 0x00, 0x00, 0x07, 0x00, 0x00, 0x00, 0x07,
  0x00, 0x00, 0x00, 0x0C, 0x00, 0x00, 0x00, 0x00, 0x00, 0x00, 0x00, 0x00, 0x00, 0x00, 0x00, 0x5F,
  0x00, 0x00, 0x00, 0x02, 0x00, 0x00, 0x00, 0x08, 0x00, 0x00, 0x00, 0x08, 0x00, 0x00, 0x00, 0x00,
  0x00, 0x00, 0x00, 0x00, 0x00, 0x00, 0x00, 0x00, 0x00, 0x00, 0x00, 0x60, 0x00, 0x00, 0x00, 0x03,
  0x00, 0x00, 0x00, 0x05, 0x00, 0x00, 0x00, 0x06, 0x00, 0x00, 0x00, 0x0D, 0x00, 0x00, 0x00, 0x00,
  0x00, 0x00, 0x00, 0x00, 0x00, 0x00, 0x00, 0x61, 0x00, 0x00, 0x00, 0x09, 0x00, 0x00, 0x00, 0x08,
  0x00, 0x00, 0x00, 0x09, 0x00, 0x00, 0x00, 0x09, 0x00, 0x00, 0x00, 0x00, 0x00, 0x00, 0x00, 0x00,
  0x00, 0x00, 0x00, 0x62, 0x00, 0x00, 0x00, 0x0C, 0x00, 0x00, 0x00, 0x09, 0x00, 0x00, 0x00, 0x09,
  0x00, 0x00, 0x00, 0x0C, 0x00, 0x00, 0x00, 0x00, 0x00, 0x00, 0x00, 0x00, 0x00, 0x00, 0x00, 0x63,
  0x00, 0x00, 0x00, 0x09, 0x00, 0x00, 0x00, 0x08, 0x00, 0x00, 0x00, 0x09, 0x00, 0x00, 0x00, 0x09,
  0x00, 0x00, 0x00, 0x00, 0x00, 0x00, 0x00, 0x00, 0x00, 0x00, 0x00, 0x64, 0x00, 0x00, 0x00, 0x0C,
  0x00, 0x00, 0x00, 0x09, 0x00, 0x00, 0x00, 0x0A, 0x00, 0x00, 0x00, 0x0C, 0x00, 0x00, 0x00, 0x00,
  0x00, 0x00, 0x00, 0x00, 0x00, 0x00, 0x00, 0x65, 0x00, 0x00, 0x00, 0x09, 0x00, 0x00, 0x00, 0x09,
  0x00, 0x00, 0x00, 0x09, 0x00, 0x00, 0x00, 0x09, 0x00, 0x00, 0x00, 0x00, 0x00, 0x00, 0x00, 0x00,
  0x00, 0x00, 0x00, 0x66, 0x00, 0x00, 0x00, 0x0C, 0x00, 0x00, 0x00, 0x06, 0x00, 0x00, 0x00, 0x06,
  0x00, 0x00, 0x00, 0x0C, 0x00, 0x00, 0x00, 0x00, 0x00, 0x00, 0x00, 0x00, 0x00, 0x00, 0x00, 0x67,
  0x00, 0x00, 0x00, 0x0C, 0x00, 0x00, 0x00, 0x09, 0x00, 0x00, 0x00, 0x0A, 0x00, 0x00, 0x00, 0x09,
  0x00, 0x00, 0x00, 0x00, 0x00, 0x00, 0x00, 0x00, 0x00, 0x00, 0x00, 0x68, 0x00, 0x00, 0x00, 0x0C,
  0x00, 0x00, 0x00, 0x08, 0x00, 0x00, 0x00, 0x09, 0x00, 0x00, 0x00, 0x0C, 0x00, 0x00, 0x00, 0x00,
  0x00, 0x00, 0x00, 0x00, 0x00, 0x00, 0x00, 0x69, 0x00, 0x00, 0x00, 0x0C, 0x00, 0x00, 0x00, 0x04,
  0x00, 0x00, 0x00, 0x05, 0x00, 0x00, 0x00, 0x0C, 0x00, 0x00, 0x00, 0x00, 0x00, 0x00, 0x00, 0x00,
  0x00, 0x00, 0x00, 0x6A, 0x00, 0x00, 0x00, 0x0F, 0x00, 0x00, 0x00, 0x05, 0x00, 0x00, 0x00, 0x05,
  0x00, 0x00, 0x00, 0x0C, 0xFF, 0xFF, 0xFF, 0xFF, 0x00, 0x00, 0x00, 0x00, 0x00, 0x00, 0x00, 0x6B,
  0x00, 0x00, 0x00, 0x0C, 0x00, 0x00, 0x00, 0x09, 0x00, 0x00, 0x00, 0x09, 0x00, 0x00, 0x00, 0x0C,
  0x00, 0x00, 0x00, 0x00, 0x00, 0x00, 0x00, 0x00, 0x00, 0x00, 0x00, 0x6C, 0x00, 0x00, 0x00, 0x0C,
  0x00, 0x00, 0x00, 0x02, 0x00, 0x00, 0x00, 0x05, 0x00, 0x00, 0x00, 0x0C, 0x00, 0x00, 0x00, 0x01,
  0x00, 0x00, 0x00, 0x00, 0x00, 0x00, 0x00, 0x6D, 0x00, 0x00, 0x00, 0x09, 0x00, 0x00, 0x00, 0x0D,
  0x00, 0x00, 0x00, 0x0E, 0x00, 0x00, 0x00, 0x09, 0x00, 0x00, 0x00, 0x00, 0x00, 0x00, 0x00, 0x00,
  0x00, 0x00, 0x00, 0x6E, 0x00, 0x00, 0x00, 0x09, 0x00, 0x00, 0x00, 0x08, 0x00, 0x00, 0x00, 0x09,
  0x00, 0x00, 0x00, 0x09, 0x00, 0x00, 0x00, 0x00, 0x00, 0x00, 0x00, 0x00, 0x00, 0x00, 0x00, 0x6F,
  0x00, 0x00, 0x00, 0x09, 0x00, 0x00, 0x00, 0x09, 0x00, 0x00, 0x00, 0x0A, 0x00, 0x00, 0x00, 0x09,
  0x00, 0x00, 0x00, 0x00, 0x00, 0x00, 0x00, 0x00, 0x00, 0x00, 0x00, 0x70, 0x00, 0x00, 0x00, 0x0C,
  0x00, 0x00, 0x00, 0x09, 0x00, 0x00, 0x00, 0x09, 0x00, 0x00, 0x00, 0x09, 0x00, 0x00, 0x00, 0x00,
  0x00, 0x00, 0x00, 0x00, 0x00, 0x00, 0x00, 0x71, 0x00, 0x00, 0x00, 0x0C, 0x00, 0x00, 0x00, 0x09,
  0x00, 0x00, 0x00, 0x0A, 0x00, 0x00, 0x00, 0x09, 0x00, 0x00, 0x00, 0x00, 0x00, 0x00, 0x00, 0x00,
  0x00, 0x00, 0x00, 0x72, 0x00, 0x00, 0x00, 0x09, 0x00, 0x00, 0x00, 0x06, 0x00, 0x00, 0x00, 0x06,
  0x00, 0x00, 0x00, 0x09, 0x00, 0x00, 0x00, 0x00, 0x00, 0x00, 0x00, 0x00, 0x00, 0x00, 0x00, 0x73,
  0x00, 0x00, 0x00, 0x09, 0x00, 0x00, 0x00, 0x08, 0x00, 0x00, 0x00, 0x09, 0x00, 0x00, 0x00, 0x09,
  0x00, 0x00, 0x00, 0x00, 0x00, 0x00, 0x00, 0x00, 0x00, 0x00, 0x00, 0x74, 0x00, 0x00, 0x00, 0x0B,
  0x00, 0x00, 0x00, 0x05, 0x00, 0x00, 0x00, 0x06, 0x00, 0x00, 0x00, 0x0B, 0x00, 0x00, 0x00, 0x00,
  0x00, 0x00, 0x00, 0x00, 0x00, 0x00, 0x00, 0x75, 0x00, 0x00, 0x00, 0x09, 0x00, 0x00, 0x00, 0x08,
  0x00, 0x00, 0x00, 0x09, 0x00, 0x00, 0x00, 0x09, 0x00, 0x00, 0x00, 0x00, 0x00, 0x00, 0x00, 0x00,
  0x00, 0x00, 0x00, 0x76, 0x00, 0x00, 0x00, 0x09, 0x00, 0x00, 0x00, 0x08, 0x00, 0x00, 0x00, 0x08,
  0x00, 0x00, 0x00, 0x09, 0x00, 0x00, 0x00, 0x00, 0x00, 0x00, 0x00, 0x00, 0x00, 0x00, 0x00, 0x77,
  0x00, 0x00, 0x00, 0x09, 0x00, 0x00, 0x00, 0x0C, 0x00, 0x00, 0x00, 0x0C, 0x00, 0x00, 0x00, 0x09,
  0x00, 0x00, 0x00, 0x00, 0x00, 0x00, 0x00, 0x00, 0x00, 0x00, 0x00, 0x78, 0x00, 0x00, 0x00, 0x09,
  0x00, 0x00, 0x00, 0x08, 0x00, 0x00, 0x00, 0x09, 0x00, 0x00, 0x00, 0x09, 0x00, 0x00, 0x00, 0x00,
  0x00, 0x00, 0x00, 0x00, 0x00, 0x00, 0x00, 0x79, 0x00, 0x00, 0x00, 0x0C, 0x00, 0x00, 0x00, 0x08,
  0x00, 0x00, 0x00, 0x08, 0x00, 0x00, 0x00, 0x09, 0x00, 0x00, 0x00, 0x00, 0x00, 0x00, 0x00, 0x00,
  0x00, 0x00, 0x00, 0x7A, 0x00, 0x00, 0x00, 0x09, 0x00, 0x00, 0x00, 0x08, 0x00, 0x00, 0x00, 0x09,
  0x00, 0x00, 0x00, 0x09, 0x00, 0x00, 0x00, 0x00, 0x00, 0x00, 0x00, 0x00, 0x00, 0x00, 0x00, 0x7B,
  0x00, 0x00, 0x00, 0x11, 0x00, 0x00, 0x00, 0x06, 0x00, 0x00, 0x00, 0x06, 0x00, 0x00, 0x00, 0x0E,
  0x00, 0x00, 0x00, 0x00, 0x00, 0x00, 0x00, 0x00, 0x00, 0x00, 0x00, 0x7C, 0x00, 0x00, 0x00, 0x0F,
  0x00, 0x00, 0x00, 0x02, 0x00, 0x00, 0x00, 0x04, 0x00, 0x00, 0x00, 0x0C, 0x00, 0x00, 0x00, 0x01,
  0x00, 0x00, 0x00, 0x00, 0x00, 0x00, 0x00, 0x7D, 0x00, 0x00, 0x00, 0x11, 0x00, 0x00, 0x00, 0x05,
  0x00, 0x00, 0x00, 0x06, 0x00, 0x00, 0x00, 0x0E, 0x00, 0x00, 0x00, 0x00, 0x00, 0x00, 0x00, 0x00,
  0x00, 0x00, 0x00, 0x7E, 0x00, 0x00, 0x00, 0x04, 0x00, 0x00, 0x00, 0x0A, 0x00, 0x00, 0x00, 0x0B,
  0x00, 0x00, 0x00, 0x07, 0x00, 0x00, 0x00, 0x00, 0x00, 0x00, 0x00, 0x00, 0x00, 0x00, 0x01, 0x00,
  0x00, 0x00, 0x00, 0x0F, 0x00, 0x00, 0x00, 0x0B, 0x00, 0x00, 0x00, 0x0B, 0x00, 0x00, 0x00, 0x0F,
  0x00, 0x00, 0x00, 0x00, 0x00, 0x00, 0x00, 0x00, 0x00, 0x00, 0x01, 0x01, 0x00, 0x00, 0x00, 0x0C,
  0x00, 0x00, 0x00, 0x08, 0x00, 0x00, 0x00, 0x09, 0x00, 0x00, 0x00, 0x0C, 0x00, 0x00, 0x00, 0x00,
  0x00, 0x00, 0x00, 0x00, 0x00, 0x00, 0x01, 0x0C, 0x00, 0x00, 0x00, 0x10, 0x00, 0x00, 0x00, 0x0A,
  0x00, 0x00, 0x00, 0x0B, 0x00, 0x00, 0x00, 0x10, 0x00, 0x00, 0x00, 0x00, 0x00, 0x00, 0x00, 0x00,
  0x00, 0x00, 0x01, 0x0D, 0x00, 0x00, 0x00, 0x0C, 0x00, 0x00, 0x00, 0x08, 0x00, 0x00, 0x00, 0x09,
  0x00, 0x00, 0x00, 0x0C, 0x00, 0x00, 0x00, 0x00, 0x00, 0x00, 0x00, 0x00, 0x00, 0x00, 0x01, 0x12,
  0x00, 0x00, 0x00, 0x0F, 0x00, 0x00, 0x00, 0x08, 0x00, 0x00, 0x00, 0x0A, 0x00, 0x00, 0x00, 0x0F,
  0x00, 0x00, 0x00, 0x01, 0x00, 0x00, 0x00, 0x00, 0x00, 0x00, 0x01, 0x13, 0x00, 0x00, 0x00, 0x0C,
  0x00, 0x00, 0x00, 0x09, 0x00, 0x00, 0x00, 0x09, 0x00, 0x00, 0x00, 0x0C, 0x00, 0x00, 0x00, 0x00,
  0x00, 0x00, 0x00, 0x00, 0x00, 0x00, 0x01, 0x22, 0x00, 0x00, 0x00, 0x10, 0x00, 0x00, 0x00, 0x0A,
  0x00, 0x00, 0x00, 0x0B, 0x00, 0x00, 0x00, 0x0C, 0x00, 0x00, 0x00, 0x00, 0x00, 0x00, 0x00, 0x00,
  0x00, 0x00, 0x01, 0x23, 0x00, 0x00, 0x00, 0x12, 0x00, 0x00, 0x00, 0x09, 0x00, 0x00, 0x00, 0x0A,
  0x00, 0x00, 0x00, 0x0F, 0x00, 0x00, 0x00, 0x00, 0x00, 0x00, 0x00, 0x00, 0x00, 0x00, 0x01, 0x2A,
  0x00, 0x00, 0x00, 0x0F, 0x00, 0x00, 0x00, 0x06, 0x00, 0x00, 0x00, 0x05, 0x00, 0x00, 0x00, 0x0F,
  0xFF, 0xFF, 0xFF, 0xFF, 0x00, 0x00, 0x00, 0x00, 0x00, 0x00, 0x01, 0x2B, 0x00, 0x00, 0x00, 0x0C,
  0x00, 0x00, 0x00, 0x06, 0x00, 0x00, 0x00, 0x05, 0x00, 0x00, 0x00, 0x0C, 0xFF, 0xFF, 0xFF, 0xFF,
  0x00, 0x00, 0x00, 0x00, 0x00, 0x00, 0x01, 0x36, 0x00, 0x00, 0x00, 0x10, 0x00, 0x00, 0x00, 0x0A,
  0x00, 0x00, 0x00, 0x0B, 0x00, 0x00, 0x00, 0x0C, 0x00, 0x00, 0x00, 0x01, 0x00, 0x00, 0x00, 0x00,
  0x00, 0x00, 0x01, 0x37, 0x00, 0x00, 0x00, 0x10, 0x00, 0x00, 0x00, 0x09, 0x00, 0x00, 0x00, 0x09,
  0x00, 0x00, 0x00, 0x0C, 0x00, 0x00, 0x00, 0x00, 0x00, 0x00, 0x00, 0x00, 0x00, 0x00, 0x01, 0x3B,
  0x00, 0x00, 0x00, 0x11, 0x00, 0x00, 0x00, 0x08, 0x00, 0x00, 0x00, 0x09, 0x00, 0x00, 0x00, 0x0C,
  0x00, 0x00, 0x00, 0x01, 0x00, 0x00, 0x00, 0x00, 0x00, 0x00, 0x01, 0x3C, 0x00, 0x00, 0x00, 0x11,
  0x00, 0x00, 0x00, 0x03, 0x00, 0x00, 0x00, 0x05, 0x00, 0x00, 0x00, 0x0C, 0x00, 0x00, 0x00, 0x00,
  0x00, 0x00, 0x00, 0x00, 0x00, 0x00, 0x01, 0x45, 0x00, 0x00, 0x00, 0x11, 0x00, 0x00, 0x00, 0x0A,
  0x00, 0x00, 0x00, 0x0C, 0x00, 0x00, 0x00, 0x0C, 0x00, 0x00, 0x00, 0x01, 0x00, 0x00, 0x00, 0x00,
  0x00, 0x00, 0x01, 0x46, 0x00, 0x00, 0x00, 0x0E, 0x00, 0x00, 0x00, 0x08, 0x00, 0x00, 0x00, 0x09,
  0x00, 0x00, 0x00, 0x09, 0x00, 0x00, 0x00, 0x00, 0x00, 0x00, 0x00, 0x00, 0x00, 0x00, 0x01, 0x60,
  0x00, 0x00, 0x00, 0x0F, 0x00, 0x00, 0x00, 0x0A, 0x00, 0x00, 0x00, 0x0A, 0x00, 0x00, 0x00, 0x0F,
  0x00, 0x00, 0x00, 0x00, 0x00, 0x00, 0x00, 0x00, 0x00, 0x00, 0x01, 0x61, 0x00, 0x00, 0x00, 0x0C,
  0x00, 0x00, 0x00, 0x08, 0x00, 0x00, 0x00, 0x09, 0x00, 0x00, 0x00, 0x0C, 0x00, 0x00, 0x00, 0x00,
  0x00, 0x00, 0x00, 0x00, 0x00, 0x00, 0x01, 0x6A, 0x00, 0x00, 0x00, 0x10, 0x00, 0x00, 0x00, 0x09,
  0x00, 0x00, 0x00, 0x0B, 0x00, 0x00, 0x00, 0x10, 0x00, 0x00, 0x00, 0x01, 0x00, 0x00, 0x00, 0x00,
  0x00, 0x00, 0x01, 0x6B, 0x00, 0x00, 0x00, 0x0C, 0x00, 0x00, 0x00, 0x08, 0x00, 0x00, 0x00, 0x09,
  0x00, 0x00, 0x00, 0x0C, 0x00, 0x00, 0x00, 0x00, 0x00, 0x00, 0x00, 0x00, 0x00, 0x00, 0x01, 0x7D,
  0x00, 0x00, 0x00, 0x0F, 0x00, 0x00, 0x00, 0x0A, 0x00, 0x00, 0x00, 0x0A, 0x00, 0x00, 0x00, 0x0F,
  0x00, 0x00, 0x00, 0x00, 0x00, 0x00, 0x00, 0x00, 0x00, 0x00, 0x01, 0x7E, 0x00, 0x00, 0x00, 0x0C,
  0x00, 0x00, 0x00, 0x08, 0x00, 0x00, 0x00, 0x09, 0x00, 0x00, 0x00, 0x0C, 0x00, 0x00, 0x00, 0x00,
  0x00, 0x00, 0x00, 0x00, 0x00, 0x00, 0xE8, 0x01, 0x00, 0x00, 0x00, 0x0E, 0x00, 0x00, 0x00, 0x12,
  0x00, 0x00, 0x00, 0x11, 0x00, 0x00, 0x00, 0x0C, 0xFF, 0xFF, 0xFF, 0xFF, 0x00, 0x00, 0x00, 0x00,
  0x00, 0x00, 0xE8, 0x02, 0x00, 0x00, 0x00, 0x0F, 0x00, 0x00, 0x00, 0x0E, 0x00, 0x00, 0x00, 0x0E,
  0x00, 0x00, 0x00, 0x0D, 0x00, 0x00, 0x00, 0x00, 0x00, 0x00, 0x00, 0x00, 0x00, 0x00, 0xE8, 0x03,
  0x00, 0x00, 0x00, 0x0F, 0x00, 0x00, 0x00, 0x0C, 0x00, 0x00, 0x00, 0x0C, 0x00, 0x00, 0x00, 0x0D,
  0x00, 0x00, 0x00, 0x00, 0x00, 0x00, 0x00, 0x00, 0x00, 0x00, 0xE8, 0x04, 0x00, 0x00, 0x00, 0x0F,
  0x00, 0x00, 0x00, 0x10, 0x00, 0x00, 0x00, 0x11, 0x00, 0x00, 0x00, 0x0D, 0x00, 0x00, 0x00, 0x00,
  0x00, 0x00, 0x00, 0x00, 0x00, 0x00, 0xE8, 0x05, 0x00, 0x00, 0x00, 0x0F, 0x00, 0x00, 0x00, 0x0A,
  0x00, 0x00, 0x00, 0x0A, 0x00, 0x00, 0x00, 0x0D, 0x00, 0x00, 0x00, 0x00, 0x00, 0x00, 0x00, 0x00,
  0x00, 0x00, 0xE8, 0x06, 0x00, 0x00, 0x00, 0x0B, 0x00, 0x00, 0x00, 0x0C, 0x00, 0x00, 0x00, 0x0C,
  0x00, 0x00, 0x00, 0x0B, 0x00, 0x00, 0x00, 0x00, 0x00, 0x00, 0x00, 0x00, 0x00, 0x00, 0xE8, 0x07,
  0x00, 0x00, 0x00, 0x0F, 0x00, 0x00, 0x00, 0x0E, 0x00, 0x00, 0x00, 0x0E, 0x00, 0x00, 0x00, 0x0D,
  0x00, 0x00, 0x00, 0x00, 0x00, 0x00, 0x00, 0x00, 0x00, 0x00, 0xE8, 0x08, 0x00, 0x00, 0x00, 0x11,
  0x00, 0x00, 0x00, 0x13, 0x00, 0x00, 0x00, 0x12, 0x00, 0x00, 0x00, 0x0E, 0xFF, 0xFF, 0xFF, 0xFF,
  0x00, 0x00, 0x00, 0x00, 0xD6, 0xFF, 0x21, 0xCF, 0xFF, 0x1B, 0xCA, 0xFF, 0x16, 0xC5, 0xFF, 0x10,
  0xBE, 0xFF, 0x0A, 0xB9, 0xFF, 0x05, 0xB3, 0xFF, 0x00, 0xAE, 0xF9, 0x00, 0x42, 0x5F, 0x00, 0x05,
  0x0F, 0x00, 0xC1, 0xF8, 0x21, 0xAF, 0xEB, 0x1B, 0x40, 0xFF, 0x1C, 0xE8, 0x74, 0x40, 0xFF, 0x14,
  0xE8, 0x6C, 0x40, 0xFC, 0x02, 0xE8, 0x56, 0x40, 0xE8, 0x00, 0xE8, 0x40, 0x10, 0x37, 0x00, 0x3A,
  0x0D, 0x00, 0x00, 0x00, 0x16, 0xFF, 0x32, 0x0C, 0xFE, 0x3E, 0x00, 0x00, 0x00, 0x00, 0x43, 0xFD,
  0x08, 0x37, 0xFF, 0x11, 0x00, 0x00, 0x00, 0x00, 0x70, 0xD8, 0x00, 0x64, 0xE4, 0x00, 0x00, 0x00,
  0xBC, 0xFF, 0xFF, 0xFF, 0xFF, 0xFF, 0xFF, 0xFF, 0x64, 0x00, 0x32, 0x44, 0xDC, 0x9D, 0x44, 0xD4,
  0xA6, 0x44, 0x1B, 0x00, 0x00, 0x02, 0xF4, 0x53, 0x00, 0xEA, 0x5E, 0x00, 0x00, 0x03, 0x08, 0x2A,
  0xFF, 0x2E, 0x1E, 0xFF, 0x3A, 0x07, 0x00, 0x54, 0xFF, 0xFF, 0xFF, 0xFF, 0xFF, 0xFF, 0xFF, 0xD0,
  0x00, 0x12, 0x38, 0x9E, 0xD5, 0x38, 0x94, 0xDE, 0x38, 0x2E, 0x00, 0x00, 0x00, 0xA9, 0x9F, 0x00,
  0x9D, 0xAB, 0x00, 0x00, 0x00, 0x00, 0x00, 0xD5, 0x73, 0x00, 0xC9, 0x7F, 0x00, 0x00, 0x00, 0x00,
  0x07, 0xFB, 0x46, 0x02, 0xF4, 0x53, 0x00, 0x00, 0x00, 0x00, 0x00, 0x00, 0x00, 0xD0, 0x64, 0x00,
  0x00, 0x00, 0x00, 0x00, 0x00, 0x00, 0xD0, 0x64, 0x00, 0x00, 0x00, 0x00, 0x00, 0x5A, 0xD3, 0xFF,
  0xF0, 0x99, 0x0C, 0x00, 0x00, 0x52, 0xFF, 0xEE, 0xA1, 0xCF, 0xFF, 0xAD, 0x00, 0x00, 0xB4, 0xFF,
  0x44, 0x00, 0x07, 0xDE, 0xFF, 0x19, 0x00, 0xC2, 0xFF, 0x28, 0x00, 0x00, 0x7E, 0xC4, 0x2E, 0x00,
  0x88, 0xFF, 0xB0, 0x12, 0x00, 0x00, 0x00, 0x00, 0x00, 0x0D, 0xC2, 0xFF, 0xF4, 0x9B, 0x26, 0x00,
  0x00, 0x00, 0x00, 0x02, 0x5B, 0xC8, 0xFF, 0xFA, 0x61, 0x00, 0x00, 0x00, 0x00, 0x00, 0x00, 0x45,
  0xF4, 0xF9, 0x17, 0x27, 0xC0, 0x88, 0x00, 0x00, 0x00, 0xA1, 0xFF, 0x49, 0x12, 0xFD, 0xEA, 0x0F,
  0x00, 0x01, 0xC5, 0xFF, 0x3B, 0x00, 0x9B, 0xFF, 0xE1, 0x9F, 0xCA, 0xFF, 0xD1, 0x04, 0x00, 0x05,
  0x7B, 0xDB, 0xFF, 0xED, 0xA0, 0x17, 0x00, 0x00, 0x00, 0x00, 0x00, 0xF4, 0x3C, 0x00, 0x00, 0x00,
  0x00, 0x00, 0x00, 0x00, 0x7A, 0x1E, 0x00, 0x00, 0x00, 0x00, 0x60, 0xE8, 0xF8, 0xA6, 0x07, 0x00,
  0x00, 0x00, 0x00, 0x00, 0x00, 0x17, 0xFB, 0x80, 0x42, 0xEE, 0x71, 0x00, 0x0D, 0x7E, 0x05, 0x00,
  0x00, 0x37, 0xFF, 0x19, 0x00, 0xB9, 0x97, 0x00, 0x90, 0xBD, 0x00, 0x00, 0x00, 0x20, 0xFF, 0x55,
  0x12, 0xE2, 0x80, 0x33, 0xF7, 0x27, 0x00, 0x00, 0x00, 0x00, 0x86, 0xFE, 0xFF, 0xD3, 0x18, 0xCB,
  0x85, 0x00, 0x00, 0x00, 0x00, 0x00, 0x00, 0x16, 0x24, 0x02, 0x6C, 0xDE, 0x0A, 0x00, 0x00, 0x00,
  0x00, 0x00, 0x00, 0x00, 0x00, 0x18, 0xF1, 0x55, 0xAA, 0xF6, 0xD6, 0x38, 0x00, 0x00, 0x00, 0x00,
  0x00, 0xA8, 0xAF, 0x80, 0xE5, 0x3D, 0xA5, 0xDB, 0x00, 0x00, 0x00, 0x00, 0x46, 0xF5, 0x1E, 0xB8,
  0x9A, 0x00, 0x3D, 0xFF, 0x10, 0x00, 0x00, 0x08, 0xDC, 0x77, 0x00, 0xB8, 0x9B, 0x00, 0x3C, 0xFF,
  0x10, 0x00, 0x00, 0x20, 0xAA, 0x05, 0x00, 0x7E, 0xE8, 0x3F, 0x9E, 0xDB, 0x00, 0x00, 0x00, 0x00,
  0x00, 0x00, 0x00, 0x09, 0xAB, 0xFA, 0xDA, 0x37, 0x00, 0x00, 0x00, 0x43, 0xD2, 0xFC, 0xDD, 0x57,
  0x00, 0x00, 0x00, 0x00, 0x00, 0x17, 0xF5, 0xF3, 0x96, 0xDD, 0xFD, 0x28, 0x00, 0x00, 0x00, 0x00,
  0x56, 0xFF, 0x77, 0x00, 0x42, 0xFF, 0x62, 0x00, 0x00, 0x00, 0x00, 0x4D, 0xFF, 0x81, 0x00, 0x7A,
  0xFF, 0x3B, 0x00, 0x00, 0x00, 0x00, 0x0B, 0xE9, 0xF0, 0x9F, 0xFF, 0xA1, 0x00, 0x00, 0x00, 0x00,
  0x00, 0x00, 0x77, 0xFF, 0xFF, 0x89, 0x02, 0x00, 0x00, 0x00, 0x00, 0x00, 0x4F, 0xF9, 0xFB, 0xFF,
  0xA3, 0x00, 0x20, 0xA8, 0x49, 0x00, 0x15, 0xF3, 0xED, 0x23, 0xB7, 0xFF, 0x76, 0x4E, 0xFF, 0x5C,
  0x00, 0x4E, 0xFF, 0x9C, 0x00, 0x10, 0xD9, 0xFD, 0xD0, 0xFF, 0x21, 0x00, 0x39, 0xFF, 0xBC, 0x00,
  0x00, 0x26, 0xF2, 0xFF, 0xB0, 0x00, 0x00, 0x02, 0xCB, 0xFF, 0xA3, 0x6A, 0xA3, 0xFE, 0xFF, 0xD8,
  0x10, 0x00, 0x00, 0x13, 0x9C, 0xEB, 0xFC, 0xDE, 0x85, 0x82, 0xFF, 0xB5, 0x02, 0x58, 0xFF, 0x14,
  0x58, 0xFF, 0x0E, 0x5A, 0xFC, 0x01, 0x5C, 0xEA, 0x00, 0x13, 0x2E, 0x00, 0x00, 0x00, 0x00, 0x17,
  0x00, 0x00, 0x00, 0x3F, 0xF1, 0x1B, 0x00, 0x1E, 0xEF, 0x96, 0x00, 0x00, 0xAD, 0xE2, 0x08, 0x00,
  0x26, 0xFF, 0x75, 0x00, 0x00, 0x7D, 0xFF, 0x21, 0x00, 0x00, 0xBB, 0xEB, 0x00, 0x00, 0x00, 0xE3,
  0xC8, 0x00, 0x00, 0x00, 0xF8, 0xB8, 0x00, 0x00, 0x00, 0xFA, 0xB5, 0x00, 0x00, 0x00, 0xEF, 0xBE,
  0x00, 0x00, 0x00, 0xD1, 0xD8, 0x00, 0x00, 0x00, 0x9C, 0xFB, 0x0A, 0x00, 0x00, 0x51, 0xFF, 0x48,
  0x00, 0x00, 0x05, 0xE3, 0xAB, 0x00, 0x00, 0x00, 0x5E, 0xFE, 0x3A, 0x00, 0x00, 0x00, 0xA1, 0xE4,
  0x14, 0x00, 0x00, 0x04, 0x83, 0x07, 0x15, 0x03, 0x00, 0x00, 0x00, 0x8F, 0xBA, 0x09, 0x00, 0x00,
  0x1C, 0xEA, 0xA2, 0x00, 0x00, 0x00, 0x61, 0xFF, 0x41, 0x00, 0x00, 0x04, 0xE7, 0xB9, 0x00, 0x00,
  0x00, 0x98, 0xFD, 0x16, 0x00, 0x00, 0x5F, 0xFF, 0x58, 0x00, 0x00, 0x3D, 0xFF, 0x81, 0x00, 0x00,
  0x2C, 0xFF, 0x96, 0x00, 0x00, 0x29, 0xFF, 0x9A, 0x00, 0x00, 0x32, 0xFF, 0x8D, 0x00, 0x00, 0x4C,
  0xFF, 0x6D, 0x00, 0x00, 0x78, 0xFF, 0x38, 0x00, 0x00, 0xBC, 0xE6, 0x02, 0x00, 0x22, 0xFD, 0x7F,
  0x00, 0x00, 0xA8, 0xE5, 0x0D, 0x00, 0x6A, 0xF8, 0x3D, 0x00, 0x00, 0x53, 0x3D, 0x00, 0x00, 0x00,
  0x00, 0x00, 0x0C, 0xFF, 0x47, 0x00, 0x00, 0x06, 0x00, 0x02, 0xFF, 0x3B, 0x00, 0x02, 0x8E, 0xC6,
  0x60, 0xFA, 0x6B, 0xA6, 0xAD, 0x41, 0x9A, 0xE9, 0xFF, 0xFB, 0xBE, 0x68, 0x00, 0x03, 0xBF, 0xF2,
  0xCD, 0x06, 0x00, 0x00, 0x7D, 0xF1, 0x29, 0xEA, 0x8B, 0x00, 0x00, 0x8D, 0x6B, 0x00, 0x5E, 0xAB,
  0x01, 0x00, 0x00, 0x00, 0x00, 0x01, 0x01, 0x00, 0x00, 0x00, 0x00, 0x7C, 0xFF, 0x54, 0x00, 0x00,
  0x00, 0x00, 0x00, 0x00, 0x7C, 0xFF, 0x54, 0x00, 0x00, 0x00, 0x00, 0x00, 0x00, 0x7C, 0xFF, 0x54,
  0x00, 0x00, 0x00, 0x5F, 0xC4, 0xC4, 0xE2, 0xFF, 0xD8, 0xC4, 0xC4, 0x3D, 0x7C, 0xFF, 0xFF, 0xFF,
  0xFF, 0xFF, 0xFF, 0xFF, 0x50, 0x00, 0x00, 0x00, 0x7C, 0xFF, 0x54, 0x00, 0x00, 0x00, 0x00, 0x00,
  0x00, 0x7C, 0xFF, 0x54, 0x00, 0x00, 0x00, 0x00, 0x00, 0x00, 0x7C, 0xFF, 0x54, 0x00, 0x00, 0x00,
  0x00, 0x00, 0x00, 0x3E, 0x80, 0x2A, 0x00, 0x00, 0x00, 0x00, 0xF0, 0xBC, 0x00, 0xF2, 0xB9, 0x16,
  0xFF, 0x8E, 0x7E, 0xFA, 0x26, 0x21, 0x4B, 0x00, 0x36, 0x90, 0x90, 0x90, 0x6E, 0x60, 0xFF, 0xFF,
  0xFF, 0xC4, 0x0B, 0x17, 0x00, 0xD2, 0xFB, 0x24, 0xB9, 0xEA, 0x1B, 0x00, 0x00, 0x00, 0x00, 0xB8,
  0xC0, 0x00, 0x00, 0x00, 0x14, 0xFC, 0x68, 0x00, 0x00, 0x00, 0x67, 0xFC, 0x16, 0x00, 0x00, 0x00,
  0xBE, 0xBA, 0x00, 0x00, 0x00, 0x19, 0xFD, 0x63, 0x00, 0x00, 0x00, 0x6C, 0xFA, 0x12, 0x00, 0x00,
  0x00, 0xC4, 0xB4, 0x00, 0x00, 0x00, 0x1D, 0xFE, 0x5C, 0x00, 0x00, 0x00, 0x73, 0xF7, 0x0D, 0x00,
  0x00, 0x00, 0xCA, 0xAE, 0x00, 0x00, 0x00, 0x23, 0xFF, 0x56, 0x00, 0x00, 0x00, 0x79, 0xF5, 0x0A,
  0x00, 0x00, 0x00, 0xD1, 0xA8, 0x00, 0x00, 0x00, 0x00, 0x00, 0x00, 0x71, 0xDE, 0xFE, 0xE2, 0x7C,
  0x02, 0x00, 0x00, 0x68, 0xFF, 0xDF, 0x92, 0xD4, 0xFF, 0x7B, 0x00, 0x00, 0xDB, 0xFC, 0x1F, 0x00,
  0x0E, 0xEF, 0xED, 0x03, 0x14, 0xFF, 0xCC, 0x00, 0x00, 0x00, 0xB4, 0xFF, 0x2C, 0x2C, 0xFF, 0xB7,
  0x00, 0x00, 0x00, 0x9E, 0xFF, 0x44, 0x30, 0xFF, 0xB4, 0x00, 0x00, 0x00, 0x9C, 0xFF, 0x48, 0x30,
  0xFF, 0xB4, 0x00, 0x00, 0x00, 0x9C, 0xFF, 0x48, 0x2C, 0xFF, 0xB6, 0x00, 0x00, 0x00, 0x9F, 0xFF,
  0x43, 0x12, 0xFF, 0xCE, 0x00, 0x00, 0x00, 0xB6, 0xFF, 0x2B, 0x00, 0xD2, 0xFC, 0x21, 0x00, 0x11,
  0xF1, 0xED, 0x03, 0x00, 0x5C, 0xFF, 0xE3, 0x97, 0xD7, 0xFF, 0x79, 0x00, 0x00, 0x00, 0x65, 0xDA,
  0xFC, 0xE4, 0x7D, 0x02, 0x00, 0x00, 0x00, 0x22, 0x83, 0xE2, 0x49, 0xC0, 0xFF, 0xFF, 0xFF, 0xAC,
  0xE9, 0x92, 0xEC, 0xFF, 0x27, 0x04, 0x00, 0xE0, 0xFF, 0x00, 0x00, 0x00, 0xE0, 0xFF, 0x00, 0x00,
  0x00, 0xE0, 0xFF, 0x00, 0x00, 0x00, 0xE0, 0xFF, 0x00, 0x00, 0x00, 0xE0, 0xFF, 0x00, 0x00, 0x00,
  0xE0, 0xFF, 0x00, 0x00, 0x00, 0xE0, 0xFF, 0x00, 0x00, 0x00, 0xE0, 0xFF, 0x00, 0x00, 0x00, 0xE0,
  0xFF, 0x00, 0x07, 0x85, 0xE4, 0xFE, 0xE4, 0x89, 0x07, 0x00, 0x00, 0xA6, 0xFF, 0xCD, 0x92, 0xDF,
  0xFF, 0x97, 0x00, 0x28, 0xFF, 0xD5, 0x05, 0x00, 0x17, 0xF9, 0xF4, 0x02, 0x42, 0xC4, 0x6F, 0x00,
  0x00, 0x00, 0xDB, 0xFF, 0x06, 0x00, 0x00, 0x00, 0x00, 0x00, 0x1B, 0xFC, 0xD0, 0x00, 0x00, 0x00,
  0x00, 0x00, 0x01, 0xAE, 0xFF, 0x56, 0x00, 0x00, 0x00, 0x00, 0x00, 0x7C, 0xFF, 0xA8, 0x00, 0x00,
  0x00, 0x00, 0x00, 0x5D, 0xFF, 0xC4, 0x09, 0x00, 0x00, 0x00, 0x00, 0x43, 0xFA, 0xDA, 0x13, 0x00,
  0x00, 0x00, 0x00, 0x2E, 0xF1, 0xEA, 0x22, 0x00, 0x00, 0x00, 0x00, 0x0F, 0xE4, 0xFF, 0xBF, 0x90,
  0x90, 0x90, 0x90, 0x46, 0x24, 0xFF, 0xFF, 0xFF, 0xFF, 0xFF, 0xFF, 0xFF, 0x7C, 0x00, 0x11, 0x98,
  0xE9, 0xFD, 0xE2, 0x89, 0x08, 0x00, 0x02, 0xCA, 0xFF, 0xC4, 0x92, 0xD5, 0xFF, 0x9D, 0x00, 0x33,
  0xFF, 0xC5, 0x01, 0x00, 0x0C, 0xF4, 0xF7, 0x01, 0x02, 0x08, 0x05, 0x00, 0x00, 0x03, 0xEC, 0xF4,
  0x02, 0x00, 0x00, 0x00, 0x3F, 0x4C, 0xA9, 0xFF, 0x7C, 0x00, 0x00, 0x00, 0x00, 0xFC, 0xFF, 0xFF,
  0xBB, 0x04, 0x00, 0x00, 0x00, 0x00, 0x42, 0x51, 0xA8, 0xFF, 0x9D, 0x00, 0x00, 0x00, 0x00, 0x00,
  0x00, 0x01, 0xD6, 0xFE, 0x15, 0x2F, 0x7C, 0x42, 0x00, 0x00, 0x00, 0xB5, 0xFF, 0x30, 0x41, 0xFF,
  0xC4, 0x02, 0x00, 0x0C, 0xEA, 0xFC, 0x11, 0x02, 0xC2, 0xFF, 0xCA, 0x96, 0xDA, 0xFF, 0x91, 0x00,
  0x00, 0x0E, 0x93, 0xE6, 0xFC, 0xDB, 0x77, 0x04, 0x00, 0x00, 0x00, 0x00, 0x00, 0x0D, 0xE8, 0xFF,
  0x48, 0x00, 0x00, 0x00, 0x00, 0x00, 0x88, 0xFF, 0xFF, 0x48, 0x00, 0x00, 0x00, 0x00, 0x25, 0xFA,
  0xFB, 0xFF, 0x48, 0x00, 0x00, 0x00, 0x00, 0xB5, 0xE9, 0xA9, 0xFF, 0x48, 0x00, 0x00, 0x00, 0x4B,
  0xFF, 0x63, 0x9C, 0xFF, 0x48, 0x00, 0x00, 0x06, 0xDB, 0xD0, 0x02, 0x9C, 0xFF, 0x48, 0x00, 0x00,
  0x78, 0xFF, 0x3E, 0x00, 0x9C, 0xFF, 0x48, 0x00, 0x1A, 0xF3, 0xAD, 0x00, 0x00, 0x9C, 0xFF, 0x48,
  0x00, 0x83, 0xFF, 0xFF, 0xFF, 0xFF, 0xFF, 0xFF, 0xFF, 0xB4, 0x4B, 0x90, 0x90, 0x90, 0x90, 0xD6,
  0xFF, 0xB0, 0x65, 0x00, 0x00, 0x00, 0x00, 0x00, 0x9C, 0xFF, 0x48, 0x00, 0x00, 0x00, 0x00, 0x00,
  0x00, 0x9C, 0xFF, 0x48, 0x00, 0x1A, 0xFF, 0xFF, 0xFF, 0xFF, 0xFF, 0xFF, 0x18, 0x33, 0xFF, 0xD5,
  0xAC, 0xAC, 0xAC, 0xAC, 0x10, 0x4E, 0xFF, 0x6C, 0x00, 0x00, 0x00, 0x00, 0x00, 0x69, 0xFF, 0x50,
  0x00, 0x00, 0x00, 0x00, 0x00, 0x83, 0xFF, 0xC5, 0xF1, 0xF6, 0xAF, 0x1B, 0x00, 0x98, 0xFF, 0xCA,
  0x95, 0xCD, 0xFF, 0xCD, 0x02, 0x02, 0x2C, 0x02, 0x00, 0x04, 0xCD, 0xFF, 0x3E, 0x00, 0x00, 0x00,
  0x00, 0x00, 0x7B, 0xFF, 0x6A, 0x62, 0x58, 0x00, 0x00, 0x00, 0x7C, 0xFF, 0x69, 0xD7, 0xFD, 0x25,
  0x00, 0x02, 0xC7, 0xFF, 0x37, 0x5C, 0xFF, 0xE9, 0x9A, 0xC4, 0xFF, 0xBD, 0x00, 0x00, 0x57, 0xD0,
  0xFB, 0xEE, 0x9B, 0x0F, 0x00, 0x00, 0x00, 0x00, 0x32, 0xAB, 0xEB, 0xC6, 0x00, 0x00, 0x00, 0x00,
  0x5A, 0xFC, 0xFD, 0xC1, 0x7D, 0x00, 0x00, 0x00, 0x22, 0xF8, 0xE4, 0x2F, 0x00, 0x00, 0x00, 0x00,
  0x00, 0x92, 0xFF, 0x4D, 0x00, 0x00, 0x00, 0x00, 0x00, 0x00, 0xDD, 0xF1, 0x88, 0xE9, 0xF9, 0xB8,
  0x1D, 0x00, 0x08, 0xFF, 0xFF, 0xEA, 0x99, 0xC9, 0xFF, 0xCE, 0x02, 0x17, 0xFF, 0xF4, 0x1D, 0x00,
  0x04, 0xCB, 0xFF, 0x3D, 0x17, 0xFF, 0xC9, 0x00, 0x00, 0x00, 0x7A, 0xFF, 0x6D, 0x04, 0xF9, 0xE0,
  0x00, 0x00, 0x00, 0x79, 0xFF, 0x69, 0x00, 0xB3, 0xFF, 0x40, 0x00, 0x03, 0xC9, 0xFF, 0x32, 0x00,
  0x2F, 0xF8, 0xF3, 0x9D, 0xC8, 0xFF, 0xB2, 0x00, 0x00, 0x00, 0x3C, 0xC7, 0xFC, 0xEC, 0x92, 0x0A,
  0x00, 0x78, 0xFF, 0xFF, 0xFF, 0xFF, 0xFF, 0xFF, 0xFF, 0x6C, 0x44, 0x90, 0x90, 0x90, 0x90, 0x90,
  0xDC, 0xFF, 0x3E, 0x00, 0x00, 0x00, 0x00, 0x00, 0x0D, 0xF1, 0xD4, 0x00, 0x00, 0x00, 0x00, 0x00,
  0x00, 0x6A, 0xFF, 0x69, 0x00, 0x00, 0x00, 0x00, 0x00, 0x01, 0xD9, 0xF2, 0x0D, 0x00, 0x00, 0x00,
  0x00, 0x00, 0x4A, 0xFF, 0x94, 0x00, 0x00, 0x00, 0x00, 0x00, 0x00, 0xBA, 0xFF, 0x2B, 0x00, 0x00,
  0x00, 0x00, 0x00, 0x29, 0xFF, 0xC0, 0x00, 0x00, 0x00, 0x00, 0x00, 0x00, 0x96, 0xFF, 0x55, 0x00,
  0x00, 0x00, 0x00, 0x00, 0x11, 0xF5, 0xE5, 0x05, 0x00, 0x00, 0x00, 0x00, 0x00, 0x75, 0xFF, 0x80,
  0x00, 0x00, 0x00, 0x00, 0x00, 0x04, 0xE1, 0xFB, 0x1B, 0x00, 0x00, 0x00, 0x00, 0x00, 0x04, 0x7E,
  0xE0, 0xFD, 0xE5, 0x8B, 0x09, 0x00, 0x00, 0x88, 0xFF, 0xDE, 0x93, 0xD4, 0xFF, 0xA1, 0x00, 0x00,
  0xE1, 0xFF, 0x1C, 0x00, 0x0E, 0xF3, 0xFA, 0x03, 0x00, 0xE3, 0xFB, 0x07, 0x00, 0x01, 0xE7, 0xFA,
  0x05, 0x00, 0x7D, 0xFF, 0xA2, 0x43, 0x90, 0xFF, 0x95, 0x00, 0x00, 0x02, 0xBF, 0xFF, 0xFF, 0xFF,
  0xD1, 0x08, 0x00, 0x00, 0x87, 0xFF, 0xA5, 0x4E, 0x96, 0xFF, 0xA2, 0x00, 0x10, 0xFB, 0xDA, 0x02,
  0x00, 0x00, 0xC5, 0xFF, 0x25, 0x2E, 0xFF, 0xB6, 0x00, 0x00, 0x00, 0x9E, 0xFF, 0x49, 0x11, 0xFD,
  0xEA, 0x0C, 0x00, 0x06, 0xD9, 0xFF, 0x2A, 0x00, 0x9D, 0xFF, 0xDB, 0x97, 0xD0, 0xFF, 0xB9, 0x00,
  0x00, 0x06, 0x80, 0xE0, 0xFD, 0xE7, 0x91, 0x0D, 0x00, 0x00, 0x02, 0x78, 0xE2, 0xFC, 0xD4, 0x4F,
  0x00, 0x00, 0x00, 0x7D, 0xFF, 0xD7, 0x9A, 0xEB, 0xFE, 0x43, 0x00, 0x0A, 0xF3, 0xEA, 0x0E, 0x00,
  0x2C, 0xFE, 0xC8, 0x00, 0x38, 0xFF, 0xA6, 0x00, 0x00, 0x00, 0xCC, 0xFE, 0x0E, 0x3D, 0xFF, 0xA3,
  0x00, 0x00, 0x00, 0xBC, 0xFF, 0x26, 0x13, 0xFC, 0xE8, 0x0C, 0x00, 0x0D, 0xE2, 0xFF, 0x2A, 0x00,
  0xA1, 0xFF, 0xD1, 0x90, 0xDB, 0xFF, 0xFF, 0x1D, 0x00, 0x0A, 0x9C, 0xF4, 0xF1, 0x8D, 0xD0, 0xF6,
  0x02, 0x00, 0x00, 0x00, 0x00, 0x00, 0x1A, 0xFB, 0xB3, 0x00, 0x00, 0x00, 0x00, 0x00, 0x0F, 0xBA,
  0xFF, 0x3F, 0x00, 0x00, 0x00, 0x65, 0xB5, 0xF2, 0xFF, 0x7F, 0x00, 0x00, 0x00, 0x00, 0x9F, 0xF0,
  0xB8, 0x4B, 0x00, 0x00, 0x00, 0xC1, 0xE4, 0x12, 0xE0, 0xF9, 0x1D, 0x0F, 0x18, 0x00, 0x00, 0x00,
  0x00, 0x00, 0x00, 0x00, 0x00, 0x00, 0x00, 0x0D, 0x15, 0x00, 0xDE, 0xF7, 0x1B, 0xC5, 0xE5, 0x14,
  0x0A, 0xDB, 0xCE, 0x02, 0x11, 0xF3, 0xEB, 0x06, 0x00, 0x15, 0x11, 0x00, 0x00, 0x00, 0x00, 0x00,
  0x00, 0x00, 0x00, 0x00, 0x00, 0x00, 0x00, 0x00, 0x00, 0x00, 0x00, 0x00, 0x00, 0xA9, 0xB8, 0x00,
  0x00, 0xCD, 0xDB, 0x00, 0x00, 0xE7, 0xBA, 0x00, 0x43, 0xFF, 0x59, 0x00, 0x2E, 0x81, 0x01, 0x00,
  0x00, 0x00, 0x00, 0x00, 0x00, 0x43, 0xB8, 0x13, 0x00, 0x00, 0x03, 0x56, 0xCD, 0xFF, 0xFF, 0x13,
  0x0A, 0x6B, 0xDE, 0xFF, 0xF2, 0x95, 0x2D, 0x00, 0x87, 0xFF, 0xDF, 0x66, 0x0C, 0x00, 0x00, 0x00,
  0x5F, 0xF8, 0xFE, 0xBA, 0x53, 0x05, 0x00, 0x00, 0x00, 0x19, 0x87, 0xF0, 0xFF, 0xE8, 0x86, 0x06,
  0x00, 0x00, 0x00, 0x0D, 0x73, 0xE5, 0xFF, 0x14, 0x00, 0x00, 0x00, 0x00, 0x00, 0x05, 0x60, 0x0C,
  0xE0, 0xFF, 0xFF, 0xFF, 0xFF, 0xFF, 0xE8, 0x89, 0x9C, 0x9C, 0x9C, 0x9C, 0x9C, 0x8D, 0x00, 0x00,
  0x00, 0x00, 0x00, 0x00, 0x00, 0x8C, 0xA0, 0xA0, 0xA0, 0xA0, 0xA0, 0x91, 0xE0, 0xFF, 0xFF, 0xFF,
  0xFF, 0xFF, 0xE8, 0x04, 0xC2, 0x4E, 0x02, 0x00, 0x00, 0x00, 0x00, 0x04, 0xFE, 0xFF, 0xDA, 0x6A,
  0x0B, 0x00, 0x00, 0x00, 0x1E, 0x80, 0xE2, 0xFF, 0xED, 0x86, 0x1A, 0x00, 0x00, 0x00, 0x03, 0x49,
  0xC0, 0xFF, 0xBF, 0x00, 0x00, 0x02, 0x45, 0xAA, 0xF9, 0xFE, 0x91, 0x01, 0x7C, 0xDE, 0xFF, 0xF7,
  0x99, 0x27, 0x00, 0x04, 0xFF, 0xEA, 0x7F, 0x16, 0x00, 0x00, 0x00, 0x02, 0x65, 0x08, 0x00, 0x00,
  0x00, 0x00, 0x00, 0x00, 0x3E, 0xC6, 0xF9, 0xF2, 0xAE, 0x1E, 0x00, 0x23, 0xF7, 0xFB, 0xAE, 0xC6,
  0xFF, 0xCF, 0x00, 0x77, 0xFF, 0x7F, 0x00, 0x02, 0xD7, 0xFF, 0x21, 0x0D, 0x18, 0x08, 0x00, 0x00,
  0xC1, 0xFF, 0x26, 0x00, 0x00, 0x00, 0x00, 0x38, 0xFC, 0xD6, 0x01, 0x00, 0x00, 0x00, 0x2C, 0xEE,
  0xF4, 0x33, 0x00, 0x00, 0x00, 0x01, 0xD7, 0xF9, 0x40, 0x00, 0x00, 0x00, 0x00, 0x2A, 0xFF, 0xA3,
  0x00, 0x00, 0x00, 0x00, 0x00, 0x1B, 0x70, 0x39, 0x00, 0x00, 0x00, 0x00, 0x00, 0x00, 0x12, 0x02,
  0x00, 0x00, 0x00, 0x00, 0x00, 0x43, 0xFE, 0x99, 0x00, 0x00, 0x00, 0x00, 0x00, 0x39, 0xF5, 0x87,
  0x00, 0x00, 0x00, 0x00, 0x00, 0x00, 0x00, 0x3F, 0xAD, 0xEA, 0xFE, 0xF0, 0xBB, 0x52, 0x00, 0x00,
  0x00, 0x00, 0x00, 0x01, 0x8F, 0xFB, 0x9C, 0x50, 0x36, 0x49, 0x8C, 0xF2, 0xA3, 0x02, 0x00, 0x00,
  0x00, 0x82, 0xF1, 0x3A, 0x00, 0x00, 0x02, 0x00, 0x00, 0x23, 0xE4, 0x7A, 0x00, 0x00, 0x2A, 0xFD,
  0x53, 0x00, 0x0F, 0xAA, 0xFB, 0xEF, 0x83, 0x00, 0x4E, 0xF2, 0x0C, 0x00, 0x9B, 0xC9, 0x00, 0x00,
  0xB5, 0xDD, 0x49, 0x97, 0xF7, 0x00, 0x02, 0xE8, 0x53, 0x01, 0xEB, 0x72, 0x00, 0x3D, 0xFF, 0x42,
  0x00, 0x7A, 0xE4, 0x00, 0x00, 0xB3, 0x87, 0x1F, 0xFF, 0x3E, 0x00, 0x91, 0xEC, 0x02, 0x00, 0x8F,
  0xD1, 0x00, 0x00, 0x9B, 0x9D, 0x39, 0xFF, 0x24, 0x00, 0xC3, 0xC0, 0x00, 0x00, 0xA3, 0xBE, 0x00,
  0x00, 0x9A, 0x9D, 0x3A, 0xFF, 0x21, 0x00, 0xD8, 0xA9, 0x00, 0x00, 0xBA, 0xAA, 0x00, 0x00, 0xB3,
  0x82, 0x24, 0xFF, 0x38, 0x00, 0xCC, 0xB6, 0x00, 0x05, 0xE6, 0x9F, 0x00, 0x09, 0xF1, 0x45, 0x03,
  0xF1, 0x71, 0x00, 0x8E, 0xF6, 0x42, 0x8D, 0xEC, 0xDC, 0x2F, 0xA2, 0xD0, 0x02, 0x00, 0xA1, 0xD7,
  0x05, 0x13, 0xC4, 0xF8, 0x9C, 0x20, 0xCD, 0xFB, 0xBD, 0x1F, 0x00, 0x00, 0x25, 0xF7, 0x97, 0x03,
  0x00, 0x00, 0x00, 0x00, 0x00, 0x00, 0x00, 0x00, 0x00, 0x00, 0x00, 0x4E, 0xF5, 0xD1, 0x6B, 0x3F,
  0x3F, 0x60, 0x69, 0x00, 0x00, 0x00, 0x00, 0x00, 0x00, 0x00, 0x21, 0x95, 0xDC, 0xFB, 0xF7, 0xD1,
  0x6F, 0x00, 0x00, 0x00, 0x00, 0x00, 0x00, 0x00, 0x00, 0xC2, 0xFF, 0x62, 0x00, 0x00, 0x00, 0x00,
  0x00, 0x00, 0x00, 0x1E, 0xFE, 0xFF, 0xBD, 0x00, 0x00, 0x00, 0x00, 0x00, 0x00, 0x00, 0x79, 0xFF,
  0xE7, 0xFE, 0x1B, 0x00, 0x00, 0x00, 0x00, 0x00, 0x00, 0xD3, 0xF1, 0x60, 0xFF, 0x75, 0x00, 0x00,
  0x00, 0x00, 0x00, 0x2E, 0xFF, 0xA4, 0x0D, 0xF7, 0xD1, 0x00, 0x00, 0x00, 0x00, 0x00, 0x8A, 0xFF,
  0x51, 0x00, 0xB1, 0xFF, 0x2C, 0x00, 0x00, 0x00, 0x02, 0xE4, 0xF4, 0x09, 0x00, 0x5D, 0xFF, 0x88,
  0x00, 0x00, 0x00, 0x41, 0xFF, 0xEA, 0xA0, 0xA0, 0xAF, 0xFF, 0xE2, 0x02, 0x00, 0x00, 0x9C, 0xFF,
  0xFF, 0xFF, 0xFF, 0xFF, 0xFF, 0xFF, 0x3F, 0x00, 0x08, 0xF0, 0xF7, 0x0B, 0x00, 0x00, 0x00, 0x62,
  0xFF, 0x9B, 0x00, 0x53, 0xFF, 0xAE, 0x00, 0x00, 0x00, 0x00, 0x12, 0xFC, 0xEF, 0x07, 0xAE, 0xFF,
  0x59, 0x00, 0x00, 0x00, 0x00, 0x00, 0xBA, 0xFF, 0x52, 0xD8, 0xFF, 0xFF, 0xFF, 0xFA, 0xD7, 0x7A,
  0x04, 0x00, 0xD8, 0xFF, 0xB0, 0xA4, 0xAD, 0xEE, 0xFF, 0x8F, 0x00, 0xD8, 0xFF, 0x20, 0x00, 0x00,
  0x26, 0xFF, 0xF2, 0x00, 0xD8, 0xFF, 0x20, 0x00, 0x00, 0x03, 0xFB, 0xFB, 0x01, 0xD8, 0xFF, 0x20,
  0x00, 0x0D, 0x7F, 0xFF, 0xAB, 0x00, 0xD8, 0xFF, 0xFF, 0xFF, 0xFF, 0xFF, 0xD3, 0x10, 0x00, 0xD8,
  0xFF, 0x90, 0x80, 0x83, 0xC4, 0xFF, 0x9C, 0x00, 0xD8, 0xFF, 0x20, 0x00, 0x00, 0x03, 0xDA, 0xFF,
  0x26, 0xD8, 0xFF, 0x20, 0x00, 0x00, 0x00, 0xAF, 0xFF, 0x49, 0xD8, 0xFF, 0x20, 0x00, 0x00, 0x0F,
  0xE7, 0xFF, 0x2A, 0xD8, 0xFF, 0xB0, 0xA0, 0xA5, 0xE5, 0xFF, 0xB9, 0x00, 0xD8, 0xFF, 0xFF, 0xFF,
  0xFE, 0xE2, 0x8D, 0x0D, 0x00, 0x00, 0x00, 0x13, 0x97, 0xE8, 0xFD, 0xE7, 0x97, 0x14, 0x00, 0x00,
  0x12, 0xDA, 0xFF, 0xD5, 0xAA, 0xD3, 0xFF, 0xD9, 0x0C, 0x00, 0x91, 0xFF, 0x99, 0x01, 0x00, 0x02,
  0xA5, 0xFF, 0x76, 0x03, 0xEF, 0xFC, 0x13, 0x00, 0x00, 0x00, 0x37, 0xFF, 0xC1, 0x23, 0xFF, 0xD6,
  0x00, 0x00, 0x00, 0x00, 0x00, 0x04, 0x03, 0x33, 0xFF, 0xC5, 0x00, 0x00, 0x00, 0x00, 0x00, 0x00,
  0x00, 0x33, 0xFF, 0xC5, 0x00, 0x00, 0x00, 0x00, 0x00, 0x00, 0x00, 0x24, 0xFF, 0xD7, 0x00, 0x00,
  0x00, 0x00, 0x00, 0x00, 0x00, 0x03, 0xF0, 0xFC, 0x12, 0x00, 0x00, 0x00, 0x38, 0xFC, 0xBE, 0x00,
  0x95, 0xFF, 0x94, 0x00, 0x00, 0x02, 0xA4, 0xFF, 0x79, 0x00, 0x13, 0xDE, 0xFF, 0xCC, 0xA4, 0xD2,
  0xFF, 0xD6, 0x0C, 0x00, 0x00, 0x16, 0x9B, 0xEA, 0xFD, 0xE4, 0x93, 0x12, 0x00, 0xD8, 0xFF, 0xFF,
  0xFF, 0xE9, 0xA2, 0x24, 0x00, 0x00, 0xD8, 0xFF, 0xB3, 0xA5, 0xC9, 0xFF, 0xF1, 0x35, 0x00, 0xD8,
  0xFF, 0x20, 0x00, 0x00, 0x56, 0xFF, 0xDD, 0x05, 0xD8, 0xFF, 0x20, 0x00, 0x00, 0x00, 0xB3, 0xFF,
  0x50, 0xD8, 0xFF, 0x20, 0x00, 0x00, 0x00, 0x6E, 0xFF, 0x8B, 0xD8, 0xFF, 0x20, 0x00, 0x00, 0x00,
  0x57, 0xFF, 0xA2, 0xD8, 0xFF, 0x20, 0x00, 0x00, 0x00, 0x56, 0xFF, 0xA2, 0xD8, 0xFF, 0x20, 0x00,
  0x00, 0x00, 0x6F, 0xFF, 0x8B, 0xD8, 0xFF, 0x20, 0x00, 0x00, 0x00, 0xB6, 0xFF, 0x51, 0xD8, 0xFF,
  0x20, 0x00, 0x00, 0x5F, 0xFF, 0xDD, 0x06, 0xD8, 0xFF, 0xB0, 0xA3, 0xCA, 0xFF, 0xF0, 0x35, 0x00,
  0xD8, 0xFF, 0xFF, 0xFF, 0xE8, 0x9E, 0x21, 0x00, 0x00, 0xD8, 0xFF, 0xFF, 0xFF, 0xFF, 0xFF, 0xFF,
  0x90, 0xD8, 0xFF, 0xB3, 0xA4, 0xA4, 0xA4, 0xA4, 0x5C, 0xD8, 0xFF, 0x20, 0x00, 0x00, 0x00, 0x00,
  0x00, 0xD8, 0xFF, 0x20, 0x00, 0x00, 0x00, 0x00, 0x00, 0xD8, 0xFF, 0x20, 0x00, 0x00, 0x00, 0x00,
  0x00, 0xD8, 0xFF, 0xFF, 0xFF, 0xFF, 0xFF, 0xD0, 0x00, 0xD8, 0xFF, 0xA8, 0x98, 0x98, 0x98, 0x7C,
  0x00, 0xD8, 0xFF, 0x20, 0x00, 0x00, 0x00, 0x00, 0x00, 0xD8, 0xFF, 0x20, 0x00, 0x00, 0x00, 0x00,
  0x00, 0xD8, 0xFF, 0x20, 0x00, 0x00, 0x00, 0x00, 0x00, 0xD8, 0xFF, 0xB0, 0xA0, 0xA0, 0xA0, 0xA0,
  0x62, 0xD8, 0xFF, 0xFF, 0xFF, 0xFF, 0xFF, 0xFF, 0x9C, 0xD8, 0xFF, 0xFF, 0xFF, 0xFF, 0xFF, 0xFF,
  0x68, 0xD8, 0xFF, 0xB3, 0xA4, 0xA4, 0xA4, 0xA4, 0x43, 0xD8, 0xFF, 0x20, 0x00, 0x00, 0x00, 0x00,
  0x00, 0xD8, 0xFF, 0x20, 0x00, 0x00, 0x00, 0x00, 0x00, 0xD8, 0xFF, 0x20, 0x00, 0x00, 0x00, 0x00,
  0x00, 0xD8, 0xFF, 0xB0, 0xA0, 0xA0, 0xA0, 0x7B, 0x00, 0xD8, 0xFF, 0xFF, 0xFF, 0xFF, 0xFF, 0xC4,
  0x00, 0xD8, 0xFF, 0x20, 0x00, 0x00, 0x00, 0x00, 0x00, 0xD8, 0xFF, 0x20, 0x00, 0x00, 0x00, 0x00,
  0x00, 0xD8, 0xFF, 0x20, 0x00, 0x00, 0x00, 0x00, 0x00, 0xD8, 0xFF, 0x20, 0x00, 0x00, 0x00, 0x00,
  0x00, 0xD8, 0xFF, 0x20, 0x00, 0x00, 0x00, 0x00, 0x00, 0x00, 0x00, 0x14, 0x95, 0xE4, 0xFE, 0xEB,
  0xA8, 0x22, 0x00, 0x00, 0x10, 0xDA, 0xFF, 0xD6, 0xA4, 0xC9, 0xFF, 0xEA, 0x1B, 0x00, 0x8B, 0xFF,
  0xA7, 0x02, 0x00, 0x00, 0x8F, 0xFF, 0x92, 0x00, 0xE6, 0xFF, 0x23, 0x00, 0x00, 0x00, 0x1A, 0xCC,
  0xA8, 0x17, 0xFF, 0xE8, 0x00, 0x00, 0x00, 0x00, 0x00, 0x00, 0x00, 0x27, 0xFF, 0xD6, 0x00, 0x00,
  0x00, 0x00, 0x00, 0x00, 0x00, 0x27, 0xFF, 0xD7, 0x00, 0x00, 0x6C, 0xFF, 0xFF, 0xFF, 0xE4, 0x15,
  0xFF, 0xEC, 0x00, 0x00, 0x39, 0x88, 0x90, 0xFF, 0xE4, 0x00, 0xE1, 0xFF, 0x2C, 0x00, 0x00, 0x00,
  0x10, 0xFF, 0xE4, 0x00, 0x7E, 0xFF, 0xBD, 0x0A, 0x00, 0x00, 0x1E, 0xFF, 0xE4, 0x00, 0x08, 0xC8,
  0xFF, 0xE5, 0xA6, 0xAE, 0xEF, 0xFF, 0xAB, 0x00, 0x00, 0x0B, 0x85, 0xDE, 0xFD, 0xF5, 0xCA, 0x6A,
  0x03, 0xD8, 0xFF, 0x20, 0x00, 0x00, 0x00, 0x00, 0xC4, 0xFF, 0x30, 0xD8, 0xFF, 0x20, 0x00, 0x00,
  0x00, 0x00, 0xC4, 0xFF, 0x30, 0xD8, 0xFF, 0x20, 0x00, 0x00, 0x00, 0x00, 0xC4, 0xFF, 0x30, 0xD8,
  0xFF, 0x20, 0x00, 0x00, 0x00, 0x00, 0xC4, 0xFF, 0x30, 0xD8, 0xFF, 0x20, 0x00, 0x00, 0x00, 0x00,
  0xC4, 0xFF, 0x30, 0xD8, 0xFF, 0xFF, 0xFF, 0xFF, 0xFF, 0xFF, 0xFF, 0xFF, 0x30, 0xD8, 0xFF, 0xB0,
  0xA0, 0xA0, 0xA0, 0xA0, 0xEA, 0xFF, 0x30, 0xD8, 0xFF, 0x20, 0x00, 0x00, 0x00, 0x00, 0xC4, 0xFF,
  0x30, 0xD8, 0xFF, 0x20, 0x00, 0x00, 0x00, 0x00, 0xC4, 0xFF, 0x30, 0xD8, 0xFF, 0x20, 0x00, 0x00,
  0x00, 0x00, 0xC4, 0xFF, 0x30, 0xD8, 0xFF, 0x20, 0x00, 0x00, 0x00, 0x00, 0xC4, 0xFF, 0x30, 0xD8,
  0xFF, 0x20, 0x00, 0x00, 0x00, 0x00, 0xC4, 0xFF, 0x30, 0xB4, 0xFF, 0x40, 0xB4, 0xFF, 0x40, 0xB4,
  0xFF, 0x40, 0xB4, 0xFF, 0x40, 0xB4, 0xFF, 0x40, 0xB4, 0xFF, 0x40, 0xB4, 0xFF, 0x40, 0xB4, 0xFF,
  0x40, 0xB4, 0xFF, 0x40, 0xB4, 0xFF, 0x40, 0xB4, 0xFF, 0x40, 0xB4, 0xFF, 0x40, 0x00, 0x00, 0x00,
  0x00, 0x00, 0x28, 0xFF, 0xCC, 0x00, 0x00, 0x00, 0x00, 0x00, 0x28, 0xFF, 0xCC, 0x00, 0x00, 0x00,
  0x00, 0x00, 0x28, 0xFF, 0xCC, 0x00, 0x00, 0x00, 0x00, 0x00, 0x28, 0xFF, 0xCC, 0x00, 0x00, 0x00,
  0x00, 0x00, 0x28, 0xFF, 0xCC, 0x00, 0x00, 0x00, 0x00, 0x00, 0x28, 0xFF, 0xCC, 0x00, 0x00, 0x00,
  0x00, 0x00, 0x28, 0xFF, 0xCC, 0x00, 0x00, 0x00, 0x00, 0x00, 0x28, 0xFF, 0xCC, 0x55, 0x8C, 0x32,
  0x00, 0x00, 0x2F, 0xFF, 0xC9, 0x80, 0xFF, 0x8F, 0x00, 0x00, 0x78, 0xFF, 0xA0, 0x22, 0xF4, 0xFF,
  0xB9, 0xB3, 0xFD, 0xF8, 0x30, 0x00, 0x36, 0xBD, 0xF5, 0xF8, 0xC1, 0x3C, 0x00, 0xD8, 0xFF, 0x20,
  0x00, 0x00, 0x08, 0xCC, 0xFF, 0x8F, 0x00, 0xD8, 0xFF, 0x20, 0x00, 0x00, 0x9D, 0xFF, 0xBF, 0x04,
  0x00, 0xD8, 0xFF, 0x20, 0x00, 0x64, 0xFF, 0xE1, 0x15, 0x00, 0x00, 0xD8, 0xFF, 0x20, 0x34, 0xF9,
  0xF7, 0x33, 0x00, 0x00, 0x00, 0xD8, 0xFF, 0x33, 0xE2, 0xFF, 0x5D, 0x00, 0x00, 0x00, 0x00, 0xD8,
  0xFF, 0xD1, 0xFF, 0xE5, 0x06, 0x00, 0x00, 0x00, 0x00, 0xD8, 0xFF, 0xFF, 0xF9, 0xFF, 0x83, 0x00,
  0x00, 0x00, 0x00, 0xD8, 0xFF, 0xC5, 0x2E, 0xF6, 0xFB, 0x32, 0x00, 0x00, 0x00, 0xD8, 0xFF, 0x2D,
  0x00, 0x75, 0xFF, 0xD2, 0x06, 0x00, 0x00, 0xD8, 0xFF, 0x20, 0x00, 0x03, 0xC8, 0xFF, 0x83, 0x00,
  0x00, 0xD8, 0xFF, 0x20, 0x00, 0x00, 0x2C, 0xF9, 0xFB, 0x32, 0x00, 0xD8, 0xFF, 0x20, 0x00, 0x00,
  0x00, 0x7C, 0xFF, 0xD2, 0x06, 0xD8, 0xFF, 0x20, 0x00, 0x00, 0x00, 0x00, 0x00, 0xD8, 0xFF, 0x20,
  0x00, 0x00, 0x00, 0x00, 0x00, 0xD8, 0xFF, 0x20, 0x00, 0x00, 0x00, 0x00, 0x00, 0xD8, 0xFF, 0x20,
  0x00, 0x00, 0x00, 0x00, 0x00, 0xD8, 0xFF, 0x20, 0x00, 0x00, 0x00, 0x00, 0x00, 0xD8, 0xFF, 0x20,
  0x00, 0x00, 0x00, 0x00, 0x00, 0xD8, 0xFF, 0x20, 0x00, 0x00, 0x00, 0x00, 0x00, 0xD8, 0xFF, 0x20,
  0x00, 0x00, 0x00, 0x00, 0x00, 0xD8, 0xFF, 0x20, 0x00, 0x00, 0x00, 0x00, 0x00, 0xD8, 0xFF, 0x20,
  0x00, 0x00, 0x00, 0x00, 0x00, 0xD8, 0xFF, 0xB0, 0xA0, 0xA0, 0xA0, 0xA0, 0x2D, 0xD8, 0xFF, 0xFF,
  0xFF, 0xFF, 0xFF, 0xFF, 0x48, 0xD8, 0xFF, 0xE1, 0x01, 0x00, 0x00, 0x00, 0x00, 0x02, 0xE4, 0xFF,
  0xD4, 0xD8, 0xFF, 0xFF, 0x3D, 0x00, 0x00, 0x00, 0x00, 0x41, 0xFF, 0xFF, 0xD4, 0xD8, 0xFC, 0xFF,
  0x97, 0x00, 0x00, 0x00, 0x00, 0x9B, 0xFF, 0xFD, 0xD4, 0xD8, 0xF4, 0xC8, 0xED, 0x06, 0x00, 0x00,
  0x07, 0xEF, 0xC4, 0xF8, 0xD4, 0xD8, 0xFC, 0x6B, 0xFF, 0x4E, 0x00, 0x00, 0x52, 0xFF, 0x68, 0xFF,
  0xD4, 0xD8, 0xFF, 0x19, 0xFB, 0xAA, 0x00, 0x00, 0xAB, 0xF9, 0x1B, 0xFF, 0xD4, 0xD8, 0xFF, 0x0E,
  0xB2, 0xF7, 0x0E, 0x0E, 0xF8, 0xAD, 0x12, 0xFF, 0xD4, 0xD8, 0xFF, 0x18, 0x55, 0xFF, 0x60, 0x61,
  0xFF, 0x52, 0x1C, 0xFF, 0xD4, 0xD8, 0xFF, 0x1C, 0x08, 0xF0, 0xBB, 0xBC, 0xED, 0x07, 0x20, 0xFF,
  0xD4, 0xD8, 0xFF, 0x1C, 0x00, 0x9C, 0xFD, 0xFD, 0x97, 0x00, 0x20, 0xFF, 0xD4, 0xD8, 0xFF, 0x1C,
  0x00, 0x3F, 0xFF, 0xFF, 0x3B, 0x00, 0x20, 0xFF, 0xD4, 0xD8, 0xFF, 0x1C, 0x00, 0x02, 0xE2, 0xDD,
  0x01, 0x00, 0x20, 0xFF, 0xD4, 0xD8, 0xFF, 0x6C, 0x00, 0x00, 0x00, 0x00, 0xC4, 0xFF, 0x30, 0xD8,
  0xFF, 0xEF, 0x15, 0x00, 0x00, 0x00, 0xC4, 0xFF, 0x30, 0xD8, 0xFF, 0xFF, 0x9D, 0x00, 0x00, 0x00,
  0xC4, 0xFF, 0x30, 0xD8, 0xFF, 0xE5, 0xFE, 0x35, 0x00, 0x00, 0xC4, 0xFF, 0x30, 0xD8, 0xFF, 0x5B,
  0xFF, 0xCA, 0x02, 0x00, 0xC4, 0xFF, 0x30, 0xD8, 0xFF, 0x20, 0xA2, 0xFF, 0x63, 0x00, 0xC4, 0xFF,
  0x30, 0xD8, 0xFF, 0x20, 0x18, 0xF2, 0xEB, 0x11, 0xC4, 0xFF, 0x30, 0xD8, 0xFF, 0x20, 0x00, 0x73,
  0xFF, 0x94, 0xC4, 0xFF, 0x30, 0xD8, 0xFF, 0x20, 0x00, 0x05, 0xD7, 0xFC, 0xE7, 0xFF, 0x30, 0xD8,
  0xFF, 0x20, 0x00, 0x00, 0x44, 0xFF, 0xFF, 0xFF, 0x30, 0xD8, 0xFF, 0x20, 0x00, 0x00, 0x00, 0xAC,
  0xFF, 0xFF, 0x30, 0xD8, 0xFF, 0x20, 0x00, 0x00, 0x00, 0x1E, 0xF6, 0xFF, 0x30, 0x00, 0x00, 0x0E,
  0x8D, 0xE3, 0xFE, 0xE4, 0x91, 0x10, 0x00, 0x00, 0x00, 0x0B, 0xCE, 0xFF, 0xDE, 0xB1, 0xDD, 0xFF,
  0xD4, 0x0E, 0x00, 0x00, 0x83, 0xFF, 0xAE, 0x05, 0x00, 0x04, 0xA5, 0xFF, 0x8B, 0x00, 0x01, 0xE8,
  0xFE, 0x1D, 0x00, 0x00, 0x00, 0x15, 0xFC, 0xEE, 0x03, 0x1F, 0xFF, 0xDC, 0x00, 0x00, 0x00, 0x00,
  0x00, 0xD4, 0xFF, 0x27, 0x32, 0xFF, 0xC7, 0x00, 0x00, 0x00, 0x00, 0x00, 0xBF, 0xFF, 0x3A, 0x32,
  0xFF, 0xC7, 0x00, 0x00, 0x00, 0x00, 0x00, 0xBF, 0xFF, 0x3A, 0x1F, 0xFF, 0xDD, 0x00, 0x00, 0x00,
  0x00, 0x00, 0xD4, 0xFF, 0x27, 0x01, 0xE8, 0xFF, 0x1F, 0x00, 0x00, 0x00, 0x17, 0xFC, 0xEF, 0x03,
  0x00, 0x86, 0xFF, 0xAD, 0x04, 0x00, 0x02, 0xA0, 0xFF, 0x90, 0x00, 0x00, 0x0B, 0xCE, 0xFF, 0xDE,
  0xAB, 0xD8, 0xFF, 0xD7, 0x0F, 0x00, 0x00, 0x00, 0x0D, 0x8C, 0xE2, 0xFE, 0xE5, 0x93, 0x12, 0x00,
  0x00, 0xD8, 0xFF, 0xFF, 0xFF, 0xFF, 0xE7, 0x99, 0x15, 0x00, 0xD8, 0xFF, 0xB0, 0xA4, 0xA7, 0xDA,
  0xFF, 0xD7, 0x0A, 0xD8, 0xFF, 0x20, 0x00, 0x00, 0x05, 0xC2, 0xFF, 0x66, 0xD8, 0xFF, 0x20, 0x00,
  0x00, 0x00, 0x64, 0xFF, 0x99, 0xD8, 0xFF, 0x20, 0x00, 0x00, 0x00, 0x70, 0xFF, 0x92, 0xD8, 0xFF,
  0x20, 0x00, 0x01, 0x32, 0xE1, 0xFF, 0x4E, 0xD8, 0xFF, 0xFF, 0xFF, 0xFF, 0xFF, 0xFF, 0xA2, 0x01,
  0xD8, 0xFF, 0xB0, 0xA0, 0x9F, 0x8A, 0x43, 0x00, 0x00, 0xD8, 0xFF, 0x20, 0x00, 0x00, 0x00, 0x00,
  0x00, 0x00, 0xD8, 0xFF, 0x20, 0x00, 0x00, 0x00, 0x00, 0x00, 0x00, 0xD8, 0xFF, 0x20, 0x00, 0x00,
  0x00, 0x00, 0x00, 0x00, 0xD8, 0xFF, 0x20, 0x00, 0x00, 0x00, 0x00, 0x00, 0x00, 0x00, 0x00, 0x12,
  0x93, 0xE5, 0xFE, 0xE3, 0x8D, 0x0E, 0x00, 0x00, 0x00, 0x0F, 0xD5, 0xFF, 0xDD, 0xB1, 0xDF, 0xFF,
  0xCE, 0x0B, 0x00, 0x00, 0x8F, 0xFF, 0xA5, 0x04, 0x00, 0x06, 0xAE, 0xFF, 0x83, 0x00, 0x04, 0xF0,
  0xFC, 0x14, 0x00, 0x00, 0x00, 0x1D, 0xFE, 0xE8, 0x01, 0x2B, 0xFF, 0xD0, 0x00, 0x00, 0x00, 0x00,
  0x00, 0xDC, 0xFF, 0x1F, 0x3E, 0xFF, 0xBB, 0x00, 0x00, 0x00, 0x00, 0x00, 0xC7, 0xFF, 0x32, 0x3E,
  0xFF, 0xBB, 0x00, 0x00, 0x00, 0x00, 0x00, 0xC7, 0xFF, 0x32, 0x2B, 0xFF, 0xD1, 0x00, 0x00, 0x00,
  0x00, 0x00, 0xDD, 0xFF, 0x1F, 0x04, 0xEF, 0xFC, 0x16, 0x00, 0x00, 0x00, 0x1D, 0xFF, 0xE9, 0x01,
  0x00, 0x8E, 0xFF, 0xA4, 0x03, 0x00, 0x04, 0xAA, 0xFF, 0x87, 0x00, 0x00, 0x0E, 0xD4, 0xFF, 0xDB,
  0xAC, 0xDC, 0xFF, 0xD2, 0x0C, 0x00, 0x00, 0x00, 0x0F, 0x8F, 0xE5, 0xFE, 0xFB, 0xFF, 0xAA, 0x08,
  0x00, 0x00, 0x00, 0x00, 0x00, 0x00, 0x00, 0x10, 0xB8, 0xFF, 0xC8, 0x07, 0x00, 0x00, 0x00, 0x00,
  0x00, 0x00, 0x00, 0x03, 0x8F, 0x5D, 0x00, 0xD8, 0xFF, 0xFF, 0xFF, 0xFC, 0xDB, 0x82, 0x07, 0x00,
  0xD8, 0xFF, 0xB0, 0xA4, 0xAC, 0xEC, 0xFF, 0xA8, 0x00, 0xD8, 0xFF, 0x20, 0x00, 0x00, 0x1A, 0xF0,
  0xFF, 0x1E, 0xD8, 0xFF, 0x20, 0x00, 0x00, 0x00, 0xB6, 0xFF, 0x45, 0xD8, 0xFF, 0x20, 0x00, 0x00,
  0x00, 0xC7, 0xFF, 0x36, 0xD8, 0xFF, 0x20, 0x00, 0x08, 0x68, 0xFF, 0xE0, 0x04, 0xD8, 0xFF, 0xFF,
  0xFF, 0xFF, 0xFF, 0xE6, 0x37, 0x00, 0xD8, 0xFF, 0xB0, 0xA0, 0xD8, 0xFF, 0x64, 0x00, 0x00, 0xD8,
  0xFF, 0x20, 0x00, 0x2D, 0xFE, 0xDE, 0x06, 0x00, 0xD8, 0xFF, 0x20, 0x00, 0x00, 0xA5, 0xFF, 0x6D,
  0x00, 0xD8, 0xFF, 0x20, 0x00, 0x00, 0x25, 0xFC, 0xE8, 0x0C, 0xD8, 0xFF, 0x20, 0x00, 0x00, 0x00,
  0x9B, 0xFF, 0x7D, 0x00, 0x00, 0x61, 0xCC, 0xF6, 0xF8, 0xC8, 0x50, 0x00, 0x00, 0x00, 0x7B, 0xFF,
  0xEF, 0xA7, 0xA7, 0xF3, 0xFF, 0x61, 0x00, 0x04, 0xF3, 0xFD, 0x26, 0x00, 0x00, 0x30, 0xFE, 0xE8,
  0x01, 0x09, 0xFF, 0xF4, 0x05, 0x00, 0x00, 0x00, 0x83, 0x94, 0x0B, 0x00, 0xBD, 0xFF, 0xB4, 0x2A,
  0x00, 0x00, 0x00, 0x00, 0x00, 0x00, 0x1A, 0xC8, 0xFF, 0xFF, 0xCD, 0x71, 0x0B, 0x00, 0x00, 0x00,
  0x00, 0x02, 0x4E, 0xB2, 0xF9, 0xFF, 0xE1, 0x2B, 0x00, 0x00, 0x00, 0x00, 0x00, 0x00, 0x12, 0x93,
  0xFF, 0xD1, 0x00, 0x45, 0xB4, 0x69, 0x00, 0x00, 0x00, 0x01, 0xE9, 0xFF, 0x13, 0x31, 0xFF, 0xDF,
  0x13, 0x00, 0x00, 0x1A, 0xF8, 0xFC, 0x0B, 0x00, 0x99, 0xFF, 0xEC, 0xA7, 0xA4, 0xEB, 0xFF, 0x95,
  0x00, 0x00, 0x01, 0x5E, 0xC5, 0xF5, 0xFA, 0xD3, 0x74, 0x04, 0x00, 0xA4, 0xFF, 0xFF, 0xFF, 0xFF,
  0xFF, 0xFF, 0xFF, 0xFF, 0x68, 0x69, 0xA4, 0xA4, 0xB2, 0xFF, 0xF5, 0xA4, 0xA4, 0xA4, 0x43, 0x00,
  0x00, 0x00, 0x1C, 0xFF, 0xD8, 0x00, 0x00, 0x00, 0x00, 0x00, 0x00, 0x00, 0x1C, 0xFF, 0xD8, 0x00,
  0x00, 0x00, 0x00, 0x00, 0x00, 0x00, 0x1C, 0xFF, 0xD8, 0x00, 0x00, 0x00, 0x00, 0x00, 0x00, 0x00,
  0x1C, 0xFF, 0xD8, 0x00, 0x00, 0x00, 0x00, 0x00, 0x00, 0x00, 0x1C, 0xFF, 0xD8, 0x00, 0x00, 0x00,
  0x00, 0x00, 0x00, 0x00, 0x1C, 0xFF, 0xD8, 0x00, 0x00, 0x00, 0x00, 0x00, 0x00, 0x00, 0x1C, 0xFF,
  0xD8, 0x00, 0x00, 0x00, 0x00, 0x00, 0x00, 0x00, 0x1C, 0xFF, 0xD8, 0x00, 0x00, 0x00, 0x00, 0x00,
  0x00, 0x00, 0x1C, 0xFF, 0xD8, 0x00, 0x00, 0x00, 0x00, 0x00, 0x00, 0x00, 0x1C, 0xFF, 0xD8, 0x00,
  0x00, 0x00, 0x00, 0xFF, 0xF4, 0x00, 0x00, 0x00, 0x00, 0x74, 0xFF, 0x80, 0xFF, 0xF4, 0x00, 0x00,
  0x00, 0x00, 0x74, 0xFF, 0x80, 0xFF, 0xF4, 0x00, 0x00, 0x00, 0x00, 0x74, 0xFF, 0x80, 0xFF, 0xF4,
  0x00, 0x00, 0x00, 0x00, 0x74, 0xFF, 0x80, 0xFF, 0xF4, 0x00, 0x00, 0x00, 0x00, 0x74, 0xFF, 0x80,
  0xFF, 0xF4, 0x00, 0x00, 0x00, 0x00, 0x74, 0xFF, 0x80, 0xFF, 0xF4, 0x00, 0x00, 0x00, 0x00, 0x74,
  0xFF, 0x80, 0xFF, 0xF4, 0x00, 0x00, 0x00, 0x00, 0x74, 0xFF, 0x80, 0xF5, 0xFD, 0x06, 0x00, 0x00,
  0x00, 0x83, 0xFF, 0x74, 0xBD, 0xFF, 0x64, 0x00, 0x00, 0x0C, 0xD8, 0xFF, 0x3C, 0x39, 0xF8, 0xFE,
  0xBB, 0xA5, 0xE4, 0xFF, 0xAD, 0x00, 0x00, 0x33, 0xB4, 0xF1, 0xFD, 0xD8, 0x79, 0x05, 0x00, 0xB1,
  0xFF, 0x72, 0x00, 0x00, 0x00, 0x00, 0x1B, 0xFF, 0xFA, 0x12, 0x59, 0xFF, 0xC0, 0x00, 0x00, 0x00,
  0x00, 0x6A, 0xFF, 0xB5, 0x00, 0x0D, 0xF7, 0xFC, 0x12, 0x00, 0x00, 0x00, 0xB6, 0xFF, 0x5E, 0x00,
  0x00, 0xAD, 0xFF, 0x5A, 0x00, 0x00, 0x0C, 0xF9, 0xF9, 0x0F, 0x00, 0x00, 0x56, 0xFF, 0xA9, 0x00,
  0x00, 0x52, 0xFF, 0xB0, 0x00, 0x00, 0x00, 0x0B, 0xF5, 0xF0, 0x06, 0x00, 0xA1, 0xFF, 0x59, 0x00,
  0x00, 0x00, 0x00, 0xA9, 0xFF, 0x43, 0x03, 0xEB, 0xF6, 0x0C, 0x00, 0x00, 0x00, 0x00, 0x52, 0xFF,
  0x91, 0x3D, 0xFF, 0xAC, 0x00, 0x00, 0x00, 0x00, 0x00, 0x09, 0xF3, 0xDF, 0x8A, 0xFF, 0x54, 0x00,
  0x00, 0x00, 0x00, 0x00, 0x00, 0xA6, 0xFF, 0xEF, 0xF4, 0x09, 0x00, 0x00, 0x00, 0x00, 0x00, 0x00,
  0x4E, 0xFF, 0xFF, 0xA7, 0x00, 0x00, 0x00, 0x00, 0x00, 0x00, 0x00, 0x07, 0xF1, 0xFF, 0x50, 0x00,
  0x00, 0x00, 0x00, 0x84, 0xFF, 0x6A, 0x00, 0x00, 0x00, 0xD8, 0xFD, 0x0E, 0x00, 0x00, 0x42, 0xFF,
  0xB0, 0x4C, 0xFF, 0x9D, 0x00, 0x00, 0x15, 0xFF, 0xFF, 0x49, 0x00, 0x00, 0x73, 0xFF, 0x77, 0x14,
  0xFF, 0xD0, 0x00, 0x00, 0x54, 0xFF, 0xFF, 0x86, 0x00, 0x00, 0xA6, 0xFF, 0x40, 0x00, 0xDC, 0xFB,
  0x07, 0x00, 0x93, 0xFD, 0xE5, 0xC4, 0x00, 0x00, 0xD9, 0xFD, 0x0C, 0x00, 0xA4, 0xFF, 0x36, 0x00,
  0xD0, 0xCC, 0x9C, 0xF9, 0x08, 0x0C, 0xFE, 0xD0, 0x00, 0x00, 0x6D, 0xFF, 0x69, 0x12, 0xFE, 0x8C,
  0x5C, 0xFF, 0x40, 0x3E, 0xFF, 0x98, 0x00, 0x00, 0x34, 0xFF, 0x9C, 0x4D, 0xFF, 0x4C, 0x1C, 0xFF,
  0x7D, 0x70, 0xFF, 0x60, 0x00, 0x00, 0x05, 0xF7, 0xCF, 0x8C, 0xFD, 0x0F, 0x00, 0xDC, 0xBC, 0xA2,
  0xFF, 0x28, 0x00, 0x00, 0x00, 0xC4, 0xFB, 0xD3, 0xCB, 0x00, 0x00, 0x9C, 0xF4, 0xDA, 0xEF, 0x01,
  0x00, 0x00, 0x00, 0x8C, 0xFF, 0xFF, 0x89, 0x00, 0x00, 0x5C, 0xFF, 0xFF, 0xB7, 0x00, 0x00, 0x00,
  0x00, 0x53, 0xFF, 0xFF, 0x49, 0x00, 0x00, 0x1C, 0xFF, 0xFF, 0x80, 0x00, 0x00, 0x00, 0x00, 0x1C,
  0xFF, 0xFC, 0x0D, 0x00, 0x00, 0x00, 0xDC, 0xFF, 0x49, 0x00, 0x00, 0x53, 0xFF, 0xE4, 0x0A, 0x00,
  0x00, 0x01, 0xC9, 0xFF, 0x72, 0x00, 0xBD, 0xFF, 0x7B, 0x00, 0x00, 0x59, 0xFF, 0xD9, 0x05, 0x00,
  0x2D, 0xFC, 0xF2, 0x15, 0x07, 0xDF, 0xFF, 0x48, 0x00, 0x00, 0x00, 0x95, 0xFF, 0x96, 0x75, 0xFF,
  0xB6, 0x00, 0x00, 0x00, 0x00, 0x13, 0xEF, 0xFB, 0xF1, 0xFA, 0x27, 0x00, 0x00, 0x00, 0x00, 0x00,
  0x6E, 0xFF, 0xFF, 0x8E, 0x00, 0x00, 0x00, 0x00, 0x00, 0x00, 0x80, 0xFF, 0xFF, 0xA0, 0x00, 0x00,
  0x00, 0x00, 0x00, 0x1E, 0xF6, 0xF7, 0xEB, 0xFE, 0x37, 0x00, 0x00, 0x00, 0x00, 0xAA, 0xFF, 0x89,
  0x68, 0xFF, 0xC9, 0x01, 0x00, 0x00, 0x3E, 0xFF, 0xEB, 0x0F, 0x04, 0xD6, 0xFF, 0x5F, 0x00, 0x03,
  0xD1, 0xFF, 0x6E, 0x00, 0x00, 0x4A, 0xFF, 0xE7, 0x0D, 0x69, 0xFF, 0xD9, 0x05, 0x00, 0x00, 0x00,
  0xBA, 0xFF, 0x88, 0xB0, 0xFF, 0x7C, 0x00, 0x00, 0x00, 0x00, 0xB3, 0xFF, 0x72, 0x31, 0xFF, 0xEA,
  0x08, 0x00, 0x00, 0x2B, 0xFF, 0xE7, 0x0A, 0x00, 0xAD, 0xFF, 0x66, 0x00, 0x00, 0x9F, 0xFF, 0x70,
  0x00, 0x00, 0x2D, 0xFE, 0xDA, 0x02, 0x1B, 0xFA, 0xE7, 0x09, 0x00, 0x00, 0x00, 0xAA, 0xFF, 0x52,
  0x8A, 0xFF, 0x6F, 0x00, 0x00, 0x00, 0x00, 0x2A, 0xFE, 0xCF, 0xF1, 0xE5, 0x08, 0x00, 0x00, 0x00,
  0x00, 0x00, 0xA8, 0xFF, 0xFF, 0x6B, 0x00, 0x00, 0x00, 0x00, 0x00, 0x00, 0x31, 0xFF, 0xEE, 0x07,
  0x00, 0x00, 0x00, 0x00, 0x00, 0x00, 0x1C, 0xFF, 0xE0, 0x00, 0x00, 0x00, 0x00, 0x00, 0x00, 0x00,
  0x1C, 0xFF, 0xE0, 0x00, 0x00, 0x00, 0x00, 0x00, 0x00, 0x00, 0x1C, 0xFF, 0xE0, 0x00, 0x00, 0x00,
  0x00, 0x00, 0x00, 0x00, 0x1C, 0xFF, 0xE0, 0x00, 0x00, 0x00, 0x00, 0x54, 0xFF, 0xFF, 0xFF, 0xFF,
  0xFF, 0xFF, 0xFF, 0xF0, 0x00, 0x36, 0xA4, 0xA4, 0xA4, 0xA4, 0xA4, 0xD8, 0xFF, 0xC3, 0x00, 0x00,
  0x00, 0x00, 0x00, 0x00, 0x14, 0xEB, 0xF9, 0x28, 0x00, 0x00, 0x00, 0x00, 0x00, 0x00, 0xA8, 0xFF,
  0x7C, 0x00, 0x00, 0x00, 0x00, 0x00, 0x00, 0x50, 0xFF, 0xCF, 0x05, 0x00, 0x00, 0x00, 0x00, 0x00,
  0x10, 0xE8, 0xFC, 0x32, 0x00, 0x00, 0x00, 0x00, 0x00, 0x00, 0x9F, 0xFF, 0x85, 0x00, 0x00, 0x00,
  0x00, 0x00, 0x00, 0x46, 0xFF, 0xD8, 0x07, 0x00, 0x00, 0x00, 0x00, 0x00, 0x0D, 0xE1, 0xFE, 0x3A,
  0x00, 0x00, 0x00, 0x00, 0x00, 0x00, 0x96, 0xFF, 0x92, 0x00, 0x00, 0x00, 0x00, 0x00, 0x00, 0x38,
  0xFF, 0xFF, 0xAB, 0xA0, 0xA0, 0xA0, 0xA0, 0xA0, 0x12, 0x60, 0xFF, 0xFF, 0xFF, 0xFF, 0xFF, 0xFF,
  0xFF, 0xFF, 0x1C, 0x82, 0x88, 0x88, 0x1C, 0xF4, 0xFF, 0xFF, 0x34, 0xF4, 0xEC, 0x00, 0x00, 0xF4,
  0xEC, 0x00, 0x00, 0xF4, 0xEC, 0x00, 0x00, 0xF4, 0xEC, 0x00, 0x00, 0xF4, 0xEC, 0x00, 0x00, 0xF4,
  0xEC, 0x00, 0x00, 0xF4, 0xEC, 0x00, 0x00, 0xF4, 0xEC, 0x00, 0x00, 0xF4, 0xEC, 0x00, 0x00, 0xF4,
  0xEC, 0x00, 0x00, 0xF4, 0xEC, 0x00, 0x00, 0xF4, 0xEC, 0x00, 0x00, 0xF4, 0xEC, 0x00, 0x00, 0xF4,
  0xF6, 0x84, 0x1B, 0xF4, 0xFF, 0xFF, 0x34, 0xAD, 0xFF, 0x37, 0x00, 0x00, 0x00, 0x00, 0x50, 0xFF,
  0x94, 0x00, 0x00, 0x00, 0x00, 0x05, 0xED, 0xED, 0x05, 0x00, 0x00, 0x00, 0x00, 0x94, 0xFF, 0x50,
  0x00, 0x00, 0x00, 0x00, 0x38, 0xFF, 0xAC, 0x00, 0x00, 0x00, 0x00, 0x00, 0xDA, 0xF9, 0x12, 0x00,
  0x00, 0x00, 0x00, 0x7C, 0xFF, 0x68, 0x00, 0x00, 0x00, 0x00, 0x20, 0xFF, 0xC5, 0x00, 0x00, 0x00,
  0x00, 0x00, 0xC1, 0xFF, 0x25, 0x00, 0x00, 0x00, 0x00, 0x64, 0xFF, 0x80, 0x00, 0x00, 0x00, 0x00,
  0x0E, 0xF7, 0xDD, 0x01, 0x00, 0x00, 0x00, 0x00, 0xA9, 0xFF, 0x3C, 0x00, 0x00, 0x00, 0x00, 0x4C,
  0xFF, 0x98, 0x7B, 0x88, 0x88, 0x24, 0xE8, 0xFF, 0xFF, 0x44, 0x00, 0x9C, 0xFF, 0x44, 0x00, 0x9C,
  0xFF, 0x44, 0x00, 0x9C, 0xFF, 0x44, 0x00, 0x9C, 0xFF, 0x44, 0x00, 0x9C, 0xFF, 0x44, 0x00, 0x9C,
  0xFF, 0x44, 0x00, 0x9C, 0xFF, 0x44, 0x00, 0x9C, 0xFF, 0x44, 0x00, 0x9C, 0xFF, 0x44, 0x00, 0x9C,
  0xFF, 0x44, 0x00, 0x9C, 0xFF, 0x44, 0x00, 0x9C, 0xFF, 0x44, 0x00, 0x9C, 0xFF, 0x44, 0x78, 0xD0,
  0xFF, 0x44, 0xE8, 0xFF, 0xFF, 0x44, 0x00, 0x00, 0x6D, 0xFF, 0x4D, 0x00, 0x00, 0x00, 0x00, 0xD3,
  0xFF, 0xB1, 0x00, 0x00, 0x00, 0x36, 0xFF, 0xB7, 0xFC, 0x18, 0x00, 0x00, 0x9A, 0xE8, 0x17, 0xFB,
  0x78, 0x00, 0x0C, 0xF2, 0x8D, 0x00, 0xB0, 0xDA, 0x01, 0x62, 0xFF, 0x2F, 0x00, 0x53, 0xFF, 0x3E,
  0x86, 0x88, 0x88, 0x88, 0x88, 0x88, 0x88, 0x13, 0xFC, 0xFF, 0xFF, 0xFF, 0xFF, 0xFF, 0xFF, 0x24,
  0x2E, 0x80, 0x5E, 0x00, 0x00, 0x03, 0xB6, 0xFD, 0x32, 0x00, 0x00, 0x0D, 0xD5, 0xC7, 0x02, 0x00,
  0x0B, 0x90, 0xE8, 0xFC, 0xD6, 0x5A, 0x00, 0x00, 0xB0, 0xFF, 0xB3, 0x88, 0xE9, 0xFF, 0x40, 0x13,
  0xEB, 0xC5, 0x01, 0x00, 0x5D, 0xFF, 0x92, 0x00, 0x00, 0x00, 0x00, 0x02, 0x47, 0xFF, 0xA0, 0x00,
  0x33, 0xB4, 0xF0, 0xFF, 0xFF, 0xFF, 0xA0, 0x17, 0xF2, 0xEF, 0x66, 0x37, 0x6B, 0xFF, 0xA0, 0x4F,
  0xFF, 0x9B, 0x00, 0x00, 0x4E, 0xFF, 0xA0, 0x22, 0xFB, 0xEB, 0x67, 0x6C, 0xE4, 0xFF, 0xA5, 0x00,
  0x50, 0xD7, 0xFD, 0xD9, 0x77, 0xFF, 0xCD, 0x04, 0xFF, 0xDC, 0x00, 0x00, 0x00, 0x00, 0x00, 0x00,
  0x04, 0xFF, 0xDC, 0x00, 0x00, 0x00, 0x00, 0x00, 0x00, 0x04, 0xFF, 0xDC, 0x00, 0x00, 0x00, 0x00,
  0x00, 0x00, 0x04, 0xFF, 0xDE, 0x86, 0xEF, 0xF6, 0xAA, 0x12, 0x00, 0x04, 0xFF, 0xFF, 0xE3, 0x9B,
  0xD4, 0xFF, 0xB2, 0x00, 0x04, 0xFF, 0xFB, 0x16, 0x00, 0x09, 0xE0, 0xFF, 0x1F, 0x04, 0xFF, 0xDC,
  0x00, 0x00, 0x00, 0x96, 0xFF, 0x50, 0x04, 0xFF, 0xDC, 0x00, 0x00, 0x00, 0x82, 0xFF, 0x5E, 0x04,
  0xFF, 0xDC, 0x00, 0x00, 0x00, 0x91, 0xFF, 0x50, 0x04, 0xFF, 0xF7, 0x0B, 0x00, 0x02, 0xD2, 0xFF,
  0x1F, 0x04, 0xFF, 0xFF, 0xC8, 0x73, 0xAF, 0xFF, 0xB1, 0x00, 0x04, 0xFF, 0xBE, 0x8B, 0xEF, 0xF6,
  0xA9, 0x12, 0x00, 0x00, 0x04, 0x80, 0xE4, 0xFC, 0xDA, 0x63, 0x00, 0x00, 0x8F, 0xFF, 0xD0, 0x99,
  0xE5, 0xFF, 0x5D, 0x16, 0xFB, 0xDB, 0x07, 0x00, 0x21, 0xFD, 0xC8, 0x4F, 0xFF, 0x92, 0x00, 0x00,
  0x00, 0x41, 0x3F, 0x62, 0xFF, 0x82, 0x00, 0x00, 0x00, 0x00, 0x00, 0x51, 0xFF, 0x91, 0x00, 0x00,
  0x00, 0x07, 0x07, 0x17, 0xFC, 0xDB, 0x06, 0x00, 0x16, 0xF9, 0xCF, 0x00, 0x91, 0xFF, 0xD0, 0x96,
  0xDF, 0xFF, 0x62, 0x00, 0x04, 0x80, 0xE4, 0xFC, 0xD7, 0x61, 0x00, 0x00, 0x00, 0x00, 0x00, 0x00,
  0x00, 0xE0, 0xFF, 0x04, 0x00, 0x00, 0x00, 0x00, 0x00, 0x00, 0xE0, 0xFF, 0x04, 0x00, 0x00, 0x00,
  0x00, 0x00, 0x00, 0xE0, 0xFF, 0x04, 0x00, 0x0E, 0xA1, 0xF5, 0xEF, 0x88, 0xE2, 0xFF, 0x04, 0x00,
  0xA7, 0xFF, 0xDA, 0x9B, 0xE0, 0xFF, 0xFF, 0x04, 0x1A, 0xFE, 0xE8, 0x0F, 0x00, 0x14, 0xFB, 0xFF,
  0x04, 0x4E, 0xFF, 0x9D, 0x00, 0x00, 0x00, 0xE0, 0xFF, 0x04, 0x5E, 0xFF, 0x86, 0x00, 0x00, 0x00,
  0xE0, 0xFF, 0x04, 0x4D, 0xFF, 0x95, 0x00, 0x00, 0x00, 0xE0, 0xFF, 0x04, 0x18, 0xFD, 0xD9, 0x04,
  0x00, 0x0A, 0xF7, 0xFF, 0x04, 0x00, 0xA2, 0xFF, 0xB7, 0x72, 0xC6, 0xFF, 0xFF, 0x04, 0x00, 0x0B,
  0xA0, 0xF5, 0xEF, 0x8D, 0xC1, 0xFF, 0x04, 0x00, 0x00, 0x6B, 0xDD, 0xFE, 0xDC, 0x61, 0x00, 0x00,
  0x00, 0x75, 0xFF, 0xDA, 0x98, 0xDE, 0xFF, 0x56, 0x00, 0x0D, 0xF3, 0xEA, 0x10, 0x00, 0x1C, 0xFA,
  0xCC, 0x00, 0x46, 0xFF, 0xAE, 0x1C, 0x1C, 0x1C, 0xD6, 0xFD, 0x05, 0x5B, 0xFF, 0xFF, 0xFF, 0xFF,
  0xFF, 0xFF, 0xFF, 0x13, 0x4D, 0xFF, 0xBF, 0x4C, 0x4C, 0x4C, 0x4C, 0x4C, 0x06, 0x14, 0xF8, 0xEE,
  0x1A, 0x00, 0x00, 0x2C, 0x1E, 0x00, 0x00, 0x7E, 0xFF, 0xE9, 0x97, 0xA4, 0xF7, 0xB3, 0x00, 0x00,
  0x01, 0x69, 0xD6, 0xFC, 0xEB, 0x9A, 0x11, 0x00, 0x00, 0x00, 0x4F, 0xD7, 0xFC, 0x9C, 0x00, 0x1C,
  0xF9, 0xFD, 0xAB, 0x63, 0x00, 0x55, 0xFF, 0x9B, 0x00, 0x00, 0xA8, 0xFF, 0xFF, 0xFF, 0xFF, 0x44,
  0x4A, 0xA6, 0xFF, 0xBB, 0x70, 0x1E, 0x00, 0x5C, 0xFF, 0x84, 0x00, 0x00, 0x00, 0x5C, 0xFF, 0x84,
  0x00, 0x00, 0x00, 0x5C, 0xFF, 0x84, 0x00, 0x00, 0x00, 0x5C, 0xFF, 0x84, 0x00, 0x00, 0x00, 0x5C,
  0xFF, 0x84, 0x00, 0x00, 0x00, 0x5C, 0xFF, 0x84, 0x00, 0x00, 0x00, 0x5C, 0xFF, 0x84, 0x00, 0x00,
  0x00, 0x0A, 0x9A, 0xF1, 0xF5, 0xA0, 0xB2, 0xFF, 0x18, 0x00, 0x9D, 0xFF, 0xC3, 0x73, 0xB7, 0xFF,
  0xFF, 0x18, 0x15, 0xFC, 0xE3, 0x08, 0x00, 0x02, 0xDC, 0xFF, 0x18, 0x4A, 0xFF, 0x9C, 0x00, 0x00,
  0x00, 0xC8, 0xFF, 0x18, 0x5A, 0xFF, 0x8A, 0x00, 0x00, 0x00, 0xC8, 0xFF, 0x18, 0x49, 0xFF, 0xA0,
  0x00, 0x00, 0x00, 0xC8, 0xFF, 0x18, 0x14, 0xFB, 0xEB, 0x12, 0x00, 0x0A, 0xE7, 0xFF, 0x18, 0x00,
  0x97, 0xFF, 0xDD, 0x9B, 0xD7, 0xFF, 0xFF, 0x18, 0x00, 0x08, 0x98, 0xF2, 0xF4, 0x9A, 0xD4, 0xFF,
  0x15, 0x00, 0x14, 0x1C, 0x00, 0x00, 0x1B, 0xF8, 0xEE, 0x02, 0x00, 0xA8, 0xF1, 0xA0, 0x93, 0xE5,
  0xFF, 0x79, 0x00, 0x00, 0x16, 0x99, 0xE8, 0xFC, 0xD5, 0x6A, 0x01, 0x00, 0x0C, 0xFF, 0xD4, 0x00,
  0x00, 0x00, 0x00, 0x00, 0x0C, 0xFF, 0xD4, 0x00, 0x00, 0x00, 0x00, 0x00, 0x0C, 0xFF, 0xD4, 0x00,
  0x00, 0x00, 0x00, 0x00, 0x0C, 0xFF, 0xD4, 0x5F, 0xE5, 0xF9, 0xB8, 0x17, 0x0C, 0xFF, 0xF7, 0xE5,
  0x9B, 0xD6, 0xFF, 0xA3, 0x0C, 0xFF, 0xFC, 0x21, 0x00, 0x15, 0xFE, 0xE6, 0x0C, 0xFF, 0xD5, 0x00,
  0x00, 0x00, 0xF0, 0xF4, 0x0C, 0xFF, 0xD4, 0x00, 0x00, 0x00, 0xF0, 0xF4, 0x0C, 0xFF, 0xD4, 0x00,
  0x00, 0x00, 0xF0, 0xF4, 0x0C, 0xFF, 0xD4, 0x00, 0x00, 0x00, 0xF0, 0xF4, 0x0C, 0xFF, 0xD4, 0x00,
  0x00, 0x00, 0xF0, 0xF4, 0x0C, 0xFF, 0xD4, 0x00, 0x00, 0x00, 0xF0, 0xF4, 0x01, 0xCE, 0xDD, 0x0A,
  0x02, 0xDD, 0xEB, 0x0C, 0x00, 0x05, 0x07, 0x00, 0x00, 0xE8, 0xFC, 0x00, 0x00, 0xE8, 0xFC, 0x00,
  0x00, 0xE8, 0xFC, 0x00, 0x00, 0xE8, 0xFC, 0x00, 0x00, 0xE8, 0xFC, 0x00, 0x00, 0xE8, 0xFC, 0x00,
  0x00, 0xE8, 0xFC, 0x00, 0x00, 0xE8, 0xFC, 0x00, 0x00, 0xE8, 0xFC, 0x00, 0x00, 0x06, 0xD8, 0xD2,
  0x03, 0x00, 0x09, 0xE7, 0xE2, 0x04, 0x00, 0x00, 0x06, 0x05, 0x00, 0x00, 0x00, 0xF0, 0xF4, 0x00,
  0x00, 0x00, 0xF0, 0xF4, 0x00, 0x00, 0x00, 0xF0, 0xF4, 0x00, 0x00, 0x00, 0xF0, 0xF4, 0x00, 0x00,
  0x00, 0xF0, 0xF4, 0x00, 0x00, 0x00, 0xF0, 0xF4, 0x00, 0x00, 0x00, 0xF0, 0xF4, 0x00, 0x00, 0x00,
  0xF0, 0xF4, 0x00, 0x00, 0x00, 0xF0, 0xF4, 0x00, 0x00, 0x03, 0xF7, 0xF0, 0x00, 0x69, 0xBB, 0xFF,
  0xC0, 0x00, 0x9F, 0xFC, 0xCA, 0x29, 0x00, 0x04, 0xFF, 0xE0, 0x00, 0x00, 0x00, 0x00, 0x00, 0x00,
  0x04, 0xFF, 0xE0, 0x00, 0x00, 0x00, 0x00, 0x00, 0x00, 0x04, 0xFF, 0xE0, 0x00, 0x00, 0x00, 0x00,
  0x00, 0x00, 0x04, 0xFF, 0xE0, 0x00, 0x00, 0x93, 0xFF, 0xB1, 0x02, 0x04, 0xFF, 0xE0, 0x00, 0x6B,
  0xFF, 0xCF, 0x0C, 0x00, 0x04, 0xFF, 0xE0, 0x46, 0xFC, 0xE5, 0x1C, 0x00, 0x00, 0x04, 0xFF, 0xF0,
  0xED, 0xFF, 0x36, 0x00, 0x00, 0x00, 0x04, 0xFF, 0xFF, 0xFF, 0xFF, 0x74, 0x00, 0x00, 0x00, 0x04,
  0xFF, 0xFF, 0x77, 0xED, 0xF6, 0x25, 0x00, 0x00, 0x04, 0xFF, 0xE4, 0x00, 0x5F, 0xFF, 0xC3, 0x02,
  0x00, 0x04, 0xFF, 0xE0, 0x00, 0x00, 0xB9, 0xFF, 0x70, 0x00, 0x04, 0xFF, 0xE0, 0x00, 0x00, 0x1F,
  0xF3, 0xF6, 0x25, 0xE8, 0xFC, 0xE8, 0xFC, 0xE8, 0xFC, 0xE8, 0xFC, 0xE8, 0xFC, 0xE8, 0xFC, 0xE8,
  0xFC, 0xE8, 0xFC, 0xE8, 0xFC, 0xE8, 0xFC, 0xE8, 0xFC, 0xE8, 0xFC, 0x08, 0xFF, 0xC7, 0x7A, 0xE8,
  0xF9, 0xBA, 0x18, 0x81, 0xEB, 0xF9, 0xB9, 0x19, 0x08, 0xFF, 0xFF, 0xBE, 0x73, 0xBF, 0xFF, 0xEB,
  0xCD, 0x73, 0xB3, 0xFF, 0xA7, 0x08, 0xFF, 0xF1, 0x05, 0x00, 0x10, 0xFF, 0xFF, 0x11, 0x00, 0x07,
  0xF9, 0xE8, 0x08, 0xFF, 0xDC, 0x00, 0x00, 0x00, 0xF8, 0xF2, 0x00, 0x00, 0x00, 0xEC, 0xF7, 0x08,
  0xFF, 0xDC, 0x00, 0x00, 0x00, 0xF8, 0xE8, 0x00, 0x00, 0x00, 0xEC, 0xF8, 0x08, 0xFF, 0xDC, 0x00,
  0x00, 0x00, 0xF8, 0xE8, 0x00, 0x00, 0x00, 0xEC, 0xF8, 0x08, 0xFF, 0xDC, 0x00, 0x00, 0x00, 0xF8,
  0xE8, 0x00, 0x00, 0x00, 0xEC, 0xF8, 0x08, 0xFF, 0xDC, 0x00, 0x00, 0x00, 0xF8, 0xE8, 0x00, 0x00,
  0x00, 0xEC, 0xF8, 0x08, 0xFF, 0xDC, 0x00, 0x00, 0x00, 0xF8, 0xE8, 0x00, 0x00, 0x00, 0xEC, 0xF8,
  0x0C, 0xFF, 0xC2, 0x71, 0xE5, 0xFA, 0xBE, 0x1A, 0x0C, 0xFF, 0xFC, 0xC8, 0x73, 0xB6, 0xFF, 0xA6,
  0x0C, 0xFF, 0xF0, 0x09, 0x00, 0x0A, 0xFB, 0xE6, 0x0C, 0xFF, 0xD8, 0x00, 0x00, 0x00, 0xF0, 0xF4,
  0x0C, 0xFF, 0xD8, 0x00, 0x00, 0x00, 0xF0, 0xF4, 0x0C, 0xFF, 0xD8, 0x00, 0x00, 0x00, 0xF0, 0xF4,
  0x0C, 0xFF, 0xD8, 0x00, 0x00, 0x00, 0xF0, 0xF4, 0x0C, 0xFF, 0xD8, 0x00, 0x00, 0x00, 0xF0, 0xF4,
  0x0C, 0xFF, 0xD8, 0x00, 0x00, 0x00, 0xF0, 0xF4, 0x00, 0x01, 0x72, 0xDE, 0xFE, 0xE2, 0x7F, 0x04,
  0x00, 0x00, 0x82, 0xFF, 0xDD, 0x98, 0xD5, 0xFF, 0x96, 0x00, 0x14, 0xF8, 0xE8, 0x10, 0x00, 0x09,
  0xDB, 0xFE, 0x22, 0x50, 0xFF, 0x98, 0x00, 0x00, 0x00, 0x83, 0xFF, 0x64, 0x62, 0xFF, 0x82, 0x00,
  0x00, 0x00, 0x6A, 0xFF, 0x76, 0x50, 0xFF, 0x98, 0x00, 0x00, 0x00, 0x81, 0xFF, 0x64, 0x14, 0xF8,
  0xE6, 0x0F, 0x00, 0x08, 0xD8, 0xFE, 0x22, 0x00, 0x82, 0xFF, 0xDC, 0x97, 0xD4, 0xFF, 0x96, 0x00,
  0x00, 0x01, 0x72, 0xDE, 0xFE, 0xE3, 0x7F, 0x04, 0x00, 0x04, 0xFF, 0xC5, 0x8A, 0xEF, 0xF6, 0xA7,
  0x12, 0x00, 0x04, 0xFF, 0xFF, 0xC2, 0x73, 0xBC, 0xFF, 0xB1, 0x00, 0x04, 0xFF, 0xF1, 0x06, 0x00,
  0x05, 0xDC, 0xFF, 0x1E, 0x04, 0xFF, 0xDC, 0x00, 0x00, 0x00, 0x95, 0xFF, 0x4F, 0x04, 0xFF, 0xDC,
  0x00, 0x00, 0x00, 0x86, 0xFF, 0x5E, 0x04, 0xFF, 0xDC, 0x00, 0x00, 0x00, 0x9D, 0xFF, 0x4E, 0x04,
  0xFF, 0xF8, 0x10, 0x00, 0x0C, 0xE8, 0xFE, 0x1A, 0x04, 0xFF, 0xFF, 0xDB, 0x96, 0xD5, 0xFF, 0xA9,
  0x00, 0x04, 0xFF, 0xDF, 0x8C, 0xEF, 0xF6, 0xA8, 0x0F, 0x00, 0x04, 0xFF, 0xDC, 0x00, 0x00, 0x00,
  0x00, 0x00, 0x00, 0x04, 0xFF, 0xDC, 0x00, 0x00, 0x00, 0x00, 0x00, 0x00, 0x04, 0xFF, 0xDC, 0x00,
  0x00, 0x00, 0x00, 0x00, 0x00, 0x00, 0x0F, 0xA4, 0xF6, 0xF1, 0x8E, 0xBC, 0xFF, 0x04, 0x00, 0xA9,
  0xFF, 0xB8, 0x6F, 0xBE, 0xFF, 0xFF, 0x04, 0x1B, 0xFE, 0xDC, 0x05, 0x00, 0x04, 0xF2, 0xFF, 0x04,
  0x4E, 0xFF, 0x95, 0x00, 0x00, 0x00, 0xE0, 0xFF, 0x04, 0x5E, 0xFF, 0x86, 0x00, 0x00, 0x00, 0xE0,
  0xFF, 0x04, 0x4D, 0xFF, 0x9A, 0x00, 0x00, 0x00, 0xE0, 0xFF, 0x04, 0x18, 0xFD, 0xE5, 0x0C, 0x00,
  0x10, 0xF9, 0xFF, 0x04, 0x00, 0xA4, 0xFF, 0xD5, 0x96, 0xDB, 0xFF, 0xFF, 0x04, 0x00, 0x0E, 0xA2,
  0xF5, 0xF0, 0x8D, 0xE4, 0xFF, 0x04, 0x00, 0x00, 0x00, 0x00, 0x00, 0x00, 0xE0, 0xFF, 0x04, 0x00,
  0x00, 0x00, 0x00, 0x00, 0x00, 0xE0, 0xFF, 0x04, 0x00, 0x00, 0x00, 0x00, 0x00, 0x00, 0xE0, 0xFF,
  0x04, 0x04, 0xFF, 0xCE, 0x8B, 0xF6, 0x6E, 0x04, 0xFF, 0xFE, 0xF3, 0xBE, 0x54, 0x04, 0xFF, 0xFD,
  0x20, 0x00, 0x00, 0x04, 0xFF, 0xDD, 0x00, 0x00, 0x00, 0x04, 0xFF, 0xDC, 0x00, 0x00, 0x00, 0x04,
  0xFF, 0xDC, 0x00, 0x00, 0x00, 0x04, 0xFF, 0xDC, 0x00, 0x00, 0x00, 0x04, 0xFF, 0xDC, 0x00, 0x00,
  0x00, 0x04, 0xFF, 0xDC, 0x00, 0x00, 0x00, 0x00, 0x1D, 0xAD, 0xF2, 0xF9, 0xC9, 0x46, 0x00, 0x01,
  0xD3, 0xFD, 0x94, 0x84, 0xEF, 0xFB, 0x2E, 0x1C, 0xFF, 0xBE, 0x00, 0x00, 0x5B, 0xC4, 0x5D, 0x06,
  0xE4, 0xFA, 0x89, 0x3C, 0x04, 0x00, 0x00, 0x00, 0x2A, 0xBB, 0xFE, 0xFF, 0xED, 0x7B, 0x01, 0x00,
  0x00, 0x00, 0x15, 0x56, 0xD0, 0xFF, 0x60, 0x53, 0xE4, 0x74, 0x00, 0x00, 0x56, 0xFF, 0x8A, 0x12,
  0xEA, 0xF8, 0x93, 0x7E, 0xDF, 0xFF, 0x42, 0x00, 0x2A, 0xB5, 0xF3, 0xFA, 0xCE, 0x55, 0x00, 0x00,
  0x8C, 0xFF, 0x58, 0x00, 0x00, 0x8C, 0xFF, 0x58, 0x00, 0xEC, 0xFF, 0xFF, 0xFF, 0xD8, 0x67, 0xC1,
  0xFF, 0xA4, 0x5F, 0x00, 0x8C, 0xFF, 0x58, 0x00, 0x00, 0x8C, 0xFF, 0x58, 0x00, 0x00, 0x8C, 0xFF,
  0x58, 0x00, 0x00, 0x8C, 0xFF, 0x58, 0x00, 0x00, 0x8B, 0xFF, 0x5D, 0x00, 0x00, 0x6D, 0xFF, 0xDA,
  0x94, 0x00, 0x0E, 0xB8, 0xFB, 0xD8, 0x10, 0xFF, 0xD0, 0x00, 0x00, 0x00, 0xF0, 0xF4, 0x10, 0xFF,
  0xD0, 0x00, 0x00, 0x00, 0xF0, 0xF4, 0x10, 0xFF, 0xD0, 0x00, 0x00, 0x00, 0xF0, 0xF4, 0x10, 0xFF,
  0xD0, 0x00, 0x00, 0x00, 0xF0, 0xF4, 0x10, 0xFF, 0xD0, 0x00, 0x00, 0x00, 0xF0, 0xF4, 0x0F, 0xFF,
  0xD0, 0x00, 0x00, 0x00, 0xF1, 0xF4, 0x03, 0xFB, 0xE5, 0x01, 0x00, 0x0C, 0xFF, 0xF4, 0x00, 0xBA,
  0xFF, 0xA4, 0x74, 0xCC, 0xFF, 0xF4, 0x00, 0x20, 0xBF, 0xFA, 0xEB, 0x7F, 0xDB, 0xF4, 0xAA, 0xFF,
  0x47, 0x00, 0x00, 0x58, 0xFF, 0x96, 0x56, 0xFF, 0x90, 0x00, 0x00, 0xA0, 0xFF, 0x42, 0x0B, 0xF7,
  0xD9, 0x00, 0x01, 0xE7, 0xEB, 0x04, 0x00, 0xAE, 0xFF, 0x22, 0x30, 0xFF, 0x9B, 0x00, 0x00, 0x5A,
  0xFF, 0x6B, 0x78, 0xFF, 0x48, 0x00, 0x00, 0x0D, 0xF9, 0xB4, 0xC0, 0xEE, 0x06, 0x00, 0x00, 0x00,
  0xB2, 0xF5, 0xFA, 0xA2, 0x00, 0x00, 0x00, 0x00, 0x5D, 0xFF, 0xFF, 0x4D, 0x00, 0x00, 0x00, 0x00,
  0x10, 0xFA, 0xF3, 0x07, 0x00, 0x00, 0x97, 0xFF, 0x3C, 0x00, 0x02, 0xEA, 0xC4, 0x00, 0x00, 0x60,
  0xFF, 0x70, 0x57, 0xFF, 0x72, 0x00, 0x33, 0xFF, 0xFC, 0x10, 0x00, 0x97, 0xFF, 0x30, 0x17, 0xFF,
  0xA9, 0x00, 0x7A, 0xFA, 0xFF, 0x53, 0x00, 0xCC, 0xEB, 0x02, 0x00, 0xD4, 0xE1, 0x00, 0xC2, 0xB1,
  0xDD, 0x9A, 0x09, 0xFB, 0xAC, 0x00, 0x00, 0x94, 0xFF, 0x26, 0xFB, 0x68, 0x94, 0xE2, 0x3B, 0xFF,
  0x6C, 0x00, 0x00, 0x54, 0xFF, 0xA0, 0xFF, 0x20, 0x4A, 0xFF, 0x9B, 0xFF, 0x2C, 0x00, 0x00, 0x15,
  0xFE, 0xFC, 0xD6, 0x00, 0x09, 0xF7, 0xFA, 0xE9, 0x01, 0x00, 0x00, 0x00, 0xD0, 0xFF, 0x8D, 0x00,
  0x00, 0xB7, 0xFF, 0xA9, 0x00, 0x00, 0x00, 0x00, 0x90, 0xFF, 0x44, 0x00, 0x00, 0x6D, 0xFF, 0x69,
  0x00, 0x00, 0x5E, 0xFF, 0xAD, 0x00, 0x00, 0x9E, 0xFF, 0x72, 0x01, 0xC7, 0xFF, 0x38, 0x2D, 0xFD,
  0xD8, 0x05, 0x00, 0x37, 0xFF, 0xC1, 0xB9, 0xFF, 0x48, 0x00, 0x00, 0x00, 0xA1, 0xFF, 0xFF, 0xB5,
  0x00, 0x00, 0x00, 0x00, 0x3E, 0xFF, 0xFF, 0x53, 0x00, 0x00, 0x00, 0x00, 0xB8, 0xFF, 0xFE, 0xCA,
  0x02, 0x00, 0x00, 0x4D, 0xFF, 0xB6, 0x9E, 0xFF, 0x61, 0x00, 0x06, 0xDB, 0xFD, 0x2B, 0x1B, 0xF6,
  0xE8, 0x0D, 0x76, 0xFF, 0x9B, 0x00, 0x00, 0x83, 0xFF, 0x88, 0xBB, 0xFF, 0x48, 0x00, 0x00, 0x6E,
  0xFF, 0x90, 0x61, 0xFF, 0x9A, 0x00, 0x00, 0xBD, 0xFF, 0x38, 0x0E, 0xF7, 0xE8, 0x02, 0x10, 0xFA,
  0xDF, 0x01, 0x00, 0xAB, 0xFF, 0x3A, 0x58, 0xFF, 0x88, 0x00, 0x00, 0x52, 0xFF, 0x8D, 0xA6, 0xFF,
  0x30, 0x00, 0x00, 0x07, 0xEF, 0xDE, 0xEE, 0xD8, 0x00, 0x00, 0x00, 0x00, 0x9B, 0xFF, 0xFF, 0x80,
  0x00, 0x00, 0x00, 0x00, 0x41, 0xFF, 0xFF, 0x28, 0x00, 0x00, 0x00, 0x00, 0x06, 0xFF, 0xD0, 0x00,
  0x00, 0x00, 0x00, 0x00, 0x51, 0xFF, 0x78, 0x00, 0x00, 0x00, 0x1E, 0xA5, 0xF1, 0xF5, 0x18, 0x00,
  0x00, 0x00, 0x2A, 0xF7, 0xE0, 0x4B, 0x00, 0x00, 0x00, 0x00, 0x44, 0xFF, 0xFF, 0xFF, 0xFF, 0xFF,
  0xFF, 0x58, 0x27, 0x94, 0x94, 0x94, 0xA7, 0xFF, 0xF9, 0x29, 0x00, 0x00, 0x00, 0x00, 0xAC, 0xFF,
  0x74, 0x00, 0x00, 0x00, 0x00, 0x60, 0xFF, 0xBD, 0x02, 0x00, 0x00, 0x00, 0x22, 0xF2, 0xED, 0x1C,
  0x00, 0x00, 0x00, 0x03, 0xC5, 0xFF, 0x54, 0x00, 0x00, 0x00, 0x00, 0x7F, 0xFF, 0xA0, 0x00, 0x00,
  0x00, 0x00, 0x30, 0xFB, 0xFF, 0x9E, 0x90, 0x90, 0x90, 0x4A, 0x5C, 0xFF, 0xFF, 0xFF, 0xFF, 0xFF,
  0xFF, 0x84, 0x00, 0x00, 0x00, 0x0E, 0x53, 0x00, 0x00, 0x00, 0x24, 0xE3, 0xE2, 0x05, 0x00, 0x00,
  0xB6, 0xFA, 0x1F, 0x00, 0x00, 0x01, 0xF8, 0xC6, 0x00, 0x00, 0x00, 0x0B, 0xFF, 0xB4, 0x00, 0x00,
  0x00, 0x0C, 0xFF, 0xB4, 0x00, 0x00, 0x00, 0x1D, 0xFF, 0xA5, 0x00, 0x00, 0x24, 0xA6, 0xFF, 0x51,
  0x00, 0x00, 0x9D, 0xFF, 0xB6, 0x00, 0x00, 0x00, 0x40, 0xCC, 0xFF, 0x50, 0x00, 0x00, 0x00, 0x29,
  0xFF, 0xA4, 0x00, 0x00, 0x00, 0x0D, 0xFF, 0xB4, 0x00, 0x00, 0x00, 0x0C, 0xFF, 0xB4, 0x00, 0x00,
  0x00, 0x03, 0xFD, 0xC2, 0x00, 0x00, 0x00, 0x00, 0xC7, 0xF6, 0x14, 0x00, 0x00, 0x00, 0x3D, 0xF8,
  0xCE, 0x06, 0x00, 0x00, 0x00, 0x2C, 0x80, 0x00, 0xA0, 0xA0, 0xA0, 0xA0, 0xA0, 0xA0, 0xA0, 0xA0,
  0xA0, 0xA0, 0xA0, 0xA0, 0xA0, 0xA0, 0xA0, 0xA0, 0xA0, 0xA0, 0xA0, 0xA0, 0xA0, 0xA0, 0xA0, 0xA0,
  0xA0, 0xA0, 0xA0, 0xA0, 0x0F, 0x0F, 0x39, 0x29, 0x00, 0x00, 0x00, 0x93, 0xFC, 0x64, 0x00, 0x00,
  0x02, 0xC2, 0xF8, 0x14, 0x00, 0x00, 0x72, 0xFF, 0x50, 0x00, 0x00, 0x61, 0xFF, 0x63, 0x00, 0x00,
  0x60, 0xFF, 0x64, 0x00, 0x00, 0x52, 0xFF, 0x75, 0x00, 0x00, 0x0F, 0xEA, 0xE0, 0x46, 0x00, 0x00,
  0x53, 0xFF, 0xFC, 0x00, 0x10, 0xEC, 0xDF, 0x42, 0x00, 0x53, 0xFF, 0x75, 0x00, 0x00, 0x60, 0xFF,
  0x64, 0x00, 0x00, 0x61, 0xFF, 0x63, 0x00, 0x00, 0x73, 0xFF, 0x50, 0x00, 0x03, 0xC6, 0xF7, 0x14,
  0x00, 0x95, 0xFB, 0x5F, 0x00, 0x00, 0x38, 0x26, 0x00, 0x00, 0x00, 0x00, 0x00, 0x02, 0x12, 0x01,
  0x00, 0x00, 0x00, 0x12, 0x10, 0x00, 0x37, 0xE2, 0xFF, 0xE4, 0x5B, 0x00, 0x03, 0xE1, 0xA1, 0x00,
  0xD7, 0xD7, 0x53, 0xB0, 0xFF, 0xC1, 0xC4, 0xFF, 0x56, 0x09, 0xB4, 0x52, 0x00, 0x01, 0x72, 0xEA,
  0xF1, 0x84, 0x01, 0x00, 0x00, 0x02, 0x08, 0x08, 0x08, 0x08, 0x08, 0x00, 0x00, 0x00, 0x00, 0x00,
  0x4C, 0xFF, 0xFF, 0xFF, 0xFF, 0xFF, 0x04, 0x00, 0x00, 0x00, 0x00, 0x11, 0x38, 0x38, 0x38, 0x38,
  0x38, 0x01, 0x00, 0x00, 0x00, 0x00, 0x00, 0x00, 0xC2, 0xFF, 0x62, 0x00, 0x00, 0x00, 0x00, 0x00,
  0x00, 0x00, 0x1E, 0xFE, 0xFF, 0xBD, 0x00, 0x00, 0x00, 0x00, 0x00, 0x00, 0x00, 0x79, 0xFF, 0xE7,
  0xFE, 0x1B, 0x00, 0x00, 0x00, 0x00, 0x00, 0x00, 0xD3, 0xF1, 0x60, 0xFF, 0x75, 0x00, 0x00, 0x00,
  0x00, 0x00, 0x2E, 0xFF, 0xA4, 0x0D, 0xF7, 0xD1, 0x00, 0x00, 0x00, 0x00, 0x00, 0x8A, 0xFF, 0x51,
  0x00, 0xB1, 0xFF, 0x2C, 0x00, 0x00, 0x00, 0x02, 0xE4, 0xF4, 0x09, 0x00, 0x5D, 0xFF, 0x88, 0x00,
  0x00, 0x00, 0x41, 0xFF, 0xEA, 0xA0, 0xA0, 0xAF, 0xFF, 0xE2, 0x02, 0x00, 0x00, 0x9C, 0xFF, 0xFF,
  0xFF, 0xFF, 0xFF, 0xFF, 0xFF, 0x3F, 0x00, 0x08, 0xF0, 0xF7, 0x0B, 0x00, 0x00, 0x00, 0x62, 0xFF,
  0x9B, 0x00, 0x53, 0xFF, 0xAE, 0x00, 0x00, 0x00, 0x00, 0x12, 0xFC, 0xEF, 0x07, 0xAE, 0xFF, 0x59,
  0x00, 0x00, 0x00, 0x00, 0x00, 0xBA, 0xFF, 0x52, 0x00, 0x34, 0xFF, 0xFF, 0xFF, 0xFF, 0xFF, 0x18,
  0x00, 0x0D, 0x40, 0x40, 0x40, 0x40, 0x40, 0x06, 0x00, 0x00, 0x00, 0x00, 0x00, 0x00, 0x00, 0x00,
  0x00, 0x0B, 0x90, 0xE8, 0xFC, 0xD6, 0x5A, 0x00, 0x00, 0xB0, 0xFF, 0xB3, 0x88, 0xE9, 0xFF, 0x40,
  0x13, 0xEB, 0xC5, 0x01, 0x00, 0x5D, 0xFF, 0x92, 0x00, 0x00, 0x00, 0x00, 0x02, 0x47, 0xFF, 0xA0,
  0x00, 0x33, 0xB4, 0xF0, 0xFF, 0xFF, 0xFF, 0xA0, 0x17, 0xF2, 0xEF, 0x66, 0x37, 0x6B, 0xFF, 0xA0,
  0x4F, 0xFF, 0x9B, 0x00, 0x00, 0x4E, 0xFF, 0xA0, 0x22, 0xFB, 0xEB, 0x67, 0x6C, 0xE4, 0xFF, 0xA5,
  0x00, 0x50, 0xD7, 0xFD, 0xD9, 0x77, 0xFF, 0xCD, 0x00, 0x00, 0x15, 0x48, 0x15, 0x00, 0x2C, 0x48,
  0x05, 0x00, 0x00, 0x00, 0x04, 0xB5, 0xD0, 0x46, 0xF6, 0x7A, 0x00, 0x00, 0x00, 0x00, 0x00, 0x0A,
  0xC9, 0xFF, 0x8A, 0x00, 0x00, 0x00, 0x00, 0x00, 0x00, 0x00, 0x0B, 0x23, 0x01, 0x00, 0x00, 0x00,
  0x00, 0x00, 0x13, 0x97, 0xE8, 0xFD, 0xE7, 0x97, 0x14, 0x00, 0x00, 0x12, 0xDA, 0xFF, 0xD5, 0xAA,
  0xD3, 0xFF, 0xD9, 0x0D, 0x00, 0x91, 0xFF, 0x99, 0x01, 0x00, 0x02, 0xA5, 0xFF, 0x77, 0x03, 0xEF,
  0xFC, 0x13, 0x00, 0x00, 0x00, 0x35, 0xFF, 0xC1, 0x23, 0xFF, 0xD6, 0x00, 0x00, 0x00, 0x00, 0x00,
  0x00, 0x00, 0x33, 0xFF, 0xC5, 0x00, 0x00, 0x00, 0x00, 0x00, 0x00, 0x00, 0x33, 0xFF, 0xC5, 0x00,
  0x00, 0x00, 0x00, 0x00, 0x00, 0x00, 0x24, 0xFF, 0xD7, 0x00, 0x00, 0x00, 0x00, 0x00, 0x00, 0x00,
  0x03, 0xF0, 0xFC, 0x12, 0x00, 0x00, 0x00, 0x38, 0xFC, 0xBE, 0x00, 0x95, 0xFF, 0x94, 0x00, 0x00,
  0x02, 0xA4, 0xFF, 0x79, 0x00, 0x13, 0xDE, 0xFF, 0xCC, 0xA4, 0xD2, 0xFF, 0xD6, 0x0C, 0x00, 0x00,
  0x16, 0x9B, 0xEA, 0xFD, 0xE4, 0x93, 0x12, 0x00, 0x00, 0x29, 0xE3, 0x88, 0x40, 0xF1, 0x7A, 0x00,
  0x00, 0x00, 0x1F, 0xD8, 0xF8, 0x5D, 0x00, 0x00, 0x00, 0x00, 0x00, 0x00, 0x00, 0x00, 0x00, 0x00,
  0x00, 0x04, 0x80, 0xE4, 0xFC, 0xD2, 0x4A, 0x00, 0x00, 0x8F, 0xFF, 0xD0, 0x98, 0xEE, 0xFC, 0x38,
  0x16, 0xFB, 0xDB, 0x07, 0x00, 0x40, 0xFF, 0xAC, 0x4F, 0xFF, 0x92, 0x00, 0x00, 0x00, 0xD3, 0xC0,
  0x62, 0xFF, 0x82, 0x00, 0x00, 0x00, 0x00, 0x00, 0x51, 0xFF, 0x91, 0x00, 0x00, 0x00, 0x00, 0x00,
  0x17, 0xFC, 0xDB, 0x06, 0x00, 0x0E, 0xCD, 0xB2, 0x00, 0x91, 0xFF, 0xD0, 0x96, 0xDA, 0xFF, 0x72,
  0x00, 0x04, 0x80, 0xE4, 0xFD, 0xDA, 0x6B, 0x00, 0x00, 0x06, 0x08, 0x08, 0x08, 0x08, 0x05, 0x00,
  0x00, 0xB8, 0xFF, 0xFF, 0xFF, 0xFF, 0x98, 0x00, 0x00, 0x28, 0x38, 0x38, 0x38, 0x38, 0x21, 0x00,
  0xD8, 0xFF, 0xFF, 0xFF, 0xFF, 0xFF, 0xFF, 0x90, 0xD8, 0xFF, 0xB3, 0xA4, 0xA4, 0xA4, 0xA4, 0x5C,
  0xD8, 0xFF, 0x20, 0x00, 0x00, 0x00, 0x00, 0x00, 0xD8, 0xFF, 0x20, 0x00, 0x00, 0x00, 0x00, 0x00,
  0xD8, 0xFF, 0x20, 0x00, 0x00, 0x00, 0x00, 0x00, 0xD8, 0xFF, 0xFF, 0xFF, 0xFF, 0xFF, 0xD0, 0x00,
  0xD8, 0xFF, 0xA8, 0x98, 0x98, 0x98, 0x7C, 0x00, 0xD8, 0xFF, 0x20, 0x00, 0x00, 0x00, 0x00, 0x00,
  0xD8, 0xFF, 0x20, 0x00, 0x00, 0x00, 0x00, 0x00, 0xD8, 0xFF, 0x20, 0x00, 0x00, 0x00, 0x00, 0x00,
  0xD8, 0xFF, 0xB0, 0xA0, 0xA0, 0xA0, 0xA0, 0x62, 0xD8, 0xFF, 0xFF, 0xFF, 0xFF, 0xFF, 0xFF, 0x9C,
  0x00, 0x4C, 0xFF, 0xFF, 0xFF, 0xFF, 0xFF, 0x00, 0x00, 0x00, 0x13, 0x40, 0x40, 0x40, 0x40, 0x40,
  0x00, 0x00, 0x00, 0x00, 0x00, 0x00, 0x00, 0x00, 0x00, 0x00, 0x00, 0x00, 0x00, 0x6B, 0xDD, 0xFE,
  0xDC, 0x61, 0x00, 0x00, 0x00, 0x75, 0xFF, 0xDA, 0x98, 0xDE, 0xFF, 0x56, 0x00, 0x0D, 0xF3, 0xEA,
  0x10, 0x00, 0x1C, 0xFA, 0xCC, 0x00, 0x46, 0xFF, 0xAE, 0x1C, 0x1C, 0x1C, 0xD6, 0xFD, 0x05, 0x5B,
  0xFF, 0xFF, 0xFF, 0xFF, 0xFF, 0xFF, 0xFF, 0x13, 0x4D, 0xFF, 0xBF, 0x4C, 0x4C, 0x4C, 0x4C, 0x4C,
  0x06, 0x14, 0xF8, 0xEE, 0x1A, 0x00, 0x00, 0x2C, 0x1E, 0x00, 0x00, 0x7E, 0xFF, 0xE9, 0x97, 0xA4,
  0xF7, 0xB3, 0x00, 0x00, 0x01, 0x69, 0xD6, 0xFC, 0xEB, 0x9A, 0x11, 0x00, 0x00, 0x00, 0x14, 0x95,
  0xE4, 0xFE, 0xEB, 0xA8, 0x22, 0x00, 0x00, 0x10, 0xDA, 0xFF, 0xD6, 0xA4, 0xC9, 0xFF, 0xEA, 0x1B,
  0x00, 0x8B, 0xFF, 0xA7, 0x02, 0x00, 0x00, 0x8F, 0xFF, 0x92, 0x00, 0xE6, 0xFF, 0x23, 0x00, 0x00,
  0x00, 0x1A, 0xCC, 0xA8, 0x17, 0xFF, 0xE8, 0x00, 0x00, 0x00, 0x00, 0x00, 0x00, 0x00, 0x27, 0xFF,
  0xD6, 0x00, 0x00, 0x00, 0x00, 0x00, 0x00, 0x00, 0x27, 0xFF, 0xD7, 0x00, 0x00, 0x6C, 0xFF, 0xFF,
  0xFF, 0xE4, 0x15, 0xFF, 0xEC, 0x00, 0x00, 0x39, 0x88, 0x90, 0xFF, 0xE4, 0x00, 0xE1, 0xFF, 0x2C,
  0x00, 0x00, 0x00, 0x10, 0xFF, 0xE4, 0x00, 0x7E, 0xFF, 0xBD, 0x0A, 0x00, 0x00, 0x1E, 0xFF, 0xE4,
  0x00, 0x08, 0xC8, 0xFF, 0xE5, 0xA6, 0xAE, 0xEF, 0xFF, 0xAB, 0x00, 0x00, 0x0B, 0x85, 0xDE, 0xFD,
  0xF5, 0xCA, 0x6A, 0x03, 0x00, 0x00, 0x00, 0x00, 0x08, 0x80, 0x3A, 0x00, 0x00, 0x00, 0x00, 0x00,
  0x00, 0x00, 0x17, 0xFF, 0x6B, 0x00, 0x00, 0x00, 0x00, 0x00, 0x00, 0x00, 0x4B, 0xFF, 0x2E, 0x00,
  0x00, 0x00, 0x00, 0x00, 0x00, 0x00, 0x48, 0x8E, 0x00, 0x00, 0x00, 0x00, 0x00, 0x00, 0x00, 0x00,
  0x60, 0x1B, 0x00, 0x00, 0x00, 0x00, 0x00, 0x00, 0x2D, 0xFF, 0x6A, 0x00, 0x00, 0x00, 0x00, 0x00,
  0x00, 0x75, 0xFF, 0x28, 0x00, 0x00, 0x00, 0x00, 0x00, 0x00, 0x80, 0xFF, 0x1C, 0x00, 0x00, 0x00,
  0x00, 0x00, 0x00, 0x00, 0x00, 0x00, 0x00, 0x00, 0x00, 0x00, 0x00, 0x00, 0x00, 0x00, 0x00, 0x00,
  0x00, 0x00, 0x00, 0x0A, 0x9A, 0xF1, 0xF5, 0xA0, 0xB2, 0xFF, 0x18, 0x00, 0x9D, 0xFF, 0xC3, 0x73,
  0xB7, 0xFF, 0xFF, 0x18, 0x15, 0xFC, 0xE3, 0x08, 0x00, 0x02, 0xDC, 0xFF, 0x18, 0x4A, 0xFF, 0x9C,
  0x00, 0x00, 0x00, 0xC8, 0xFF, 0x18, 0x5A, 0xFF, 0x8A, 0x00, 0x00, 0x00, 0xC8, 0xFF, 0x18, 0x49,
  0xFF, 0xA0, 0x00, 0x00, 0x00, 0xC8, 0xFF, 0x18, 0x14, 0xFB, 0xEB, 0x12, 0x00, 0x0A, 0xE7, 0xFF,
  0x18, 0x00, 0x97, 0xFF, 0xDD, 0x9B, 0xD7, 0xFF, 0xFF, 0x18, 0x00, 0x08, 0x98, 0xF2, 0xF4, 0x9A,
  0xD4, 0xFF, 0x15, 0x00, 0x14, 0x1C, 0x00, 0x00, 0x1B, 0xF8, 0xEE, 0x02, 0x00, 0xA8, 0xF1, 0xA0,
  0x93, 0xE5, 0xFF, 0x79, 0x00, 0x00, 0x16, 0x99, 0xE8, 0xFC, 0xD5, 0x6A, 0x01, 0x00, 0x03, 0x08,
  0x08, 0x08, 0x08, 0x08, 0x60, 0xFF, 0xFF, 0xFF, 0xFF, 0xF0, 0x15, 0x38, 0x38, 0x38, 0x38, 0x35,
  0x00, 0x00, 0xB4, 0xFF, 0x40, 0x00, 0x00, 0x00, 0xB4, 0xFF, 0x40, 0x00, 0x00, 0x00, 0xB4, 0xFF,
  0x40, 0x00, 0x00, 0x00, 0xB4, 0xFF, 0x40, 0x00, 0x00, 0x00, 0xB4, 0xFF, 0x40, 0x00, 0x00, 0x00,
  0xB4, 0xFF, 0x40, 0x00, 0x00, 0x00, 0xB4, 0xFF, 0x40, 0x00, 0x00, 0x00, 0xB4, 0xFF, 0x40, 0x00,
  0x00, 0x00, 0xB4, 0xFF, 0x40, 0x00, 0x00, 0x00, 0xB4, 0xFF, 0x40, 0x00, 0x00, 0x00, 0xB4, 0xFF,
  0x40, 0x00, 0x00, 0x00, 0xB4, 0xFF, 0x40, 0x00, 0x8C, 0xFF, 0xFF, 0xFF, 0xFF, 0xC4, 0x25, 0x44,
  0x44, 0x44, 0x44, 0x34, 0x00, 0x00, 0x00, 0x00, 0x00, 0x00, 0x00, 0x00, 0xE0, 0xFF, 0x04, 0x00,
  0x00, 0x00, 0xE0, 0xFF, 0x04, 0x00, 0x00, 0x00, 0xE0, 0xFF, 0x04, 0x00, 0x00, 0x00, 0xE0, 0xFF,
  0x04, 0x00, 0x00, 0x00, 0xE0, 0xFF, 0x04, 0x00, 0x00, 0x00, 0xE0, 0xFF, 0x04, 0x00, 0x00, 0x00,
  0xE0, 0xFF, 0x04, 0x00, 0x00, 0x00, 0xE0, 0xFF, 0x04, 0x00, 0x00, 0x00, 0xE0, 0xFF, 0x04, 0x00,
  0xD8, 0xFF, 0x20, 0x00, 0x00, 0x08, 0xCC, 0xFF, 0x8F, 0x00, 0xD8, 0xFF, 0x20, 0x00, 0x00, 0x9D,
  0xFF, 0xBF, 0x04, 0x00, 0xD8, 0xFF, 0x20, 0x00, 0x64, 0xFF, 0xE1, 0x15, 0x00, 0x00, 0xD8, 0xFF,
  0x20, 0x34, 0xF9, 0xF7, 0x33, 0x00, 0x00, 0x00, 0xD8, 0xFF, 0x33, 0xE2, 0xFF, 0x5D, 0x00, 0x00,
  0x00, 0x00, 0xD8, 0xFF, 0xD1, 0xFF, 0xE5, 0x06, 0x00, 0x00, 0x00, 0x00, 0xD8, 0xFF, 0xFF, 0xF9,
  0xFF, 0x83, 0x00, 0x00, 0x00, 0x00, 0xD8, 0xFF, 0xC5, 0x2E, 0xF6, 0xFB, 0x32, 0x00, 0x00, 0x00,
  0xD8, 0xFF, 0x2D, 0x00, 0x75, 0xFF, 0xD2, 0x06, 0x00, 0x00, 0xD8, 0xFF, 0x20, 0x00, 0x03, 0xC8,
  0xFF, 0x83, 0x00, 0x00, 0xD8, 0xFF, 0x20, 0x00, 0x00, 0x2C, 0xF9, 0xFB, 0x32, 0x00, 0xD8, 0xFF,
  0x20, 0x00, 0x00, 0x00, 0x7C, 0xFF, 0xD2, 0x06, 0x00, 0x00, 0x00, 0xA5, 0xDF, 0x00, 0x00, 0x00,
  0x00, 0x00, 0x00, 0x00, 0x00, 0xBC, 0xC1, 0x00, 0x00, 0x00, 0x00, 0x00, 0x00, 0x00, 0x10, 0xF6,
  0x5F, 0x00, 0x00, 0x00, 0x00, 0x00, 0x00, 0x00, 0x00, 0x28, 0x01, 0x00, 0x00, 0x00, 0x00, 0x00,
  0x04, 0xFF, 0xE0, 0x00, 0x00, 0x00, 0x00, 0x00, 0x00, 0x04, 0xFF, 0xE0, 0x00, 0x00, 0x00, 0x00,
  0x00, 0x00, 0x04, 0xFF, 0xE0, 0x00, 0x00, 0x00, 0x00, 0x00, 0x00, 0x04, 0xFF, 0xE0, 0x00, 0x00,
  0x93, 0xFF, 0xB1, 0x02, 0x04, 0xFF, 0xE0, 0x00, 0x6B, 0xFF, 0xCF, 0x0C, 0x00, 0x04, 0xFF, 0xE0,
  0x46, 0xFC, 0xE5, 0x1C, 0x00, 0x00, 0x04, 0xFF, 0xF0, 0xED, 0xFF, 0x36, 0x00, 0x00, 0x00, 0x04,
  0xFF, 0xFF, 0xFF, 0xFF, 0x74, 0x00, 0x00, 0x00, 0x04, 0xFF, 0xFF, 0x77, 0xED, 0xF6, 0x25, 0x00,
  0x00, 0x04, 0xFF, 0xE4, 0x00, 0x5F, 0xFF, 0xC3, 0x02, 0x00, 0x04, 0xFF, 0xE0, 0x00, 0x00, 0xB9,
  0xFF, 0x70, 0x00, 0x04, 0xFF, 0xE0, 0x00, 0x00, 0x1F, 0xF3, 0xF6, 0x25, 0x00, 0x00, 0x00, 0x3C,
  0x80, 0x06, 0x00, 0x00, 0x00, 0x00, 0x00, 0x00, 0x7F, 0xFE, 0x05, 0x00, 0x00, 0x00, 0x00, 0x00,
  0x00, 0xB3, 0xC6, 0x00, 0x00, 0x00, 0x00, 0x00, 0x00, 0x01, 0x95, 0x3E, 0x00, 0x00, 0x00, 0x00,
  0xD8, 0xFF, 0x20, 0x00, 0x00, 0x00, 0x00, 0x00, 0xD8, 0xFF, 0x20, 0x00, 0x00, 0x00, 0x00, 0x00,
  0xD8, 0xFF, 0x20, 0x00, 0x00, 0x00, 0x00, 0x00, 0xD8, 0xFF, 0x20, 0x00, 0x00, 0x00, 0x00, 0x00,
  0xD8, 0xFF, 0x20, 0x00, 0x00, 0x00, 0x00, 0x00, 0xD8, 0xFF, 0x20, 0x00, 0x00, 0x00, 0x00, 0x00,
  0xD8, 0xFF, 0x20, 0x00, 0x00, 0x00, 0x00, 0x00, 0xD8, 0xFF, 0x20, 0x00, 0x00, 0x00, 0x00, 0x00,
  0xD8, 0xFF, 0x20, 0x00, 0x00, 0x00, 0x00, 0x00, 0xD8, 0xFF, 0x20, 0x00, 0x00, 0x00, 0x00, 0x00,
  0xD8, 0xFF, 0xB0, 0xA0, 0xA0, 0xA0, 0xA0, 0x2D, 0xD8, 0xFF, 0xFF, 0xFF, 0xFF, 0xFF, 0xFF, 0x48,
  0x00, 0x00, 0x00, 0x00, 0x00, 0x00, 0x00, 0x00, 0x00, 0x00, 0x00, 0xFD, 0x87, 0x00, 0x00, 0x00,
  0x00, 0x00, 0x15, 0xFF, 0x66, 0x00, 0x00, 0x00, 0x00, 0x00, 0x61, 0xF1, 0x13, 0x00, 0x00, 0x00,
  0x00, 0x00, 0x02, 0x28, 0x00, 0x00, 0x00, 0x00, 0x00, 0xE8, 0xFC, 0x00, 0xE8, 0xFC, 0x00, 0xE8,
  0xFC, 0x00, 0xE8, 0xFC, 0x00, 0xE8, 0xFC, 0x00, 0xE8, 0xFC, 0x00, 0xE8, 0xFC, 0x00, 0xE8, 0xFC,
  0x00, 0xE8, 0xFC, 0x00, 0xE8, 0xFC, 0x00, 0xE8, 0xFC, 0x00, 0xE8, 0xFC, 0x00, 0x00, 0x00, 0x00,
  0xB9, 0xCB, 0x00, 0xD0, 0xAD, 0x1C, 0xFE, 0x4C, 0x00, 0x2A, 0x00, 0xD8, 0xFF, 0x6C, 0x00, 0x00,
  0x00, 0x00, 0xC4, 0xFF, 0x30, 0xD8, 0xFF, 0xEF, 0x15, 0x00, 0x00, 0x00, 0xC4, 0xFF, 0x30, 0xD8,
  0xFF, 0xFF, 0x9D, 0x00, 0x00, 0x00, 0xC4, 0xFF, 0x30, 0xD8, 0xFF, 0xE5, 0xFE, 0x35, 0x00, 0x00,
  0xC4, 0xFF, 0x30, 0xD8, 0xFF, 0x5B, 0xFF, 0xCA, 0x02, 0x00, 0xC4, 0xFF, 0x30, 0xD8, 0xFF, 0x20,
  0xA2, 0xFF, 0x63, 0x00, 0xC4, 0xFF, 0x30, 0xD8, 0xFF, 0x20, 0x18, 0xF2, 0xEB, 0x11, 0xC4, 0xFF,
  0x30, 0xD8, 0xFF, 0x20, 0x00, 0x73, 0xFF, 0x94, 0xC4, 0xFF, 0x30, 0xD8, 0xFF, 0x20, 0x00, 0x05,
  0xD7, 0xFC, 0xE7, 0xFF, 0x30, 0xD8, 0xFF, 0x20, 0x00, 0x00, 0x44, 0xFF, 0xFF, 0xFF, 0x30, 0xD8,
  0xFF, 0x20, 0x00, 0x00, 0x00, 0xAC, 0xFF, 0xFF, 0x30, 0xD8, 0xFF, 0x20, 0x00, 0x00, 0x00, 0x1E,
  0xF6, 0xFF, 0x30, 0x00, 0x00, 0x00, 0x00, 0x00, 0x00, 0x00, 0x00, 0x00, 0x00, 0x00, 0x00, 0x00,
  0x1D, 0xFF, 0x67, 0x00, 0x00, 0x00, 0x00, 0x00, 0x00, 0x00, 0x34, 0xFF, 0x49, 0x00, 0x00, 0x00,
  0x00, 0x00, 0x00, 0x00, 0x7F, 0xE0, 0x06, 0x00, 0x00, 0x00, 0x00, 0x00, 0x00, 0x00, 0x07, 0x23,
  0x00, 0x00, 0x00, 0x00, 0x00, 0x0C, 0xFF, 0xC2, 0x71, 0xE5, 0xFA, 0xBE, 0x1A, 0x0C, 0xFF, 0xFC,
  0xC8, 0x73, 0xB6, 0xFF, 0xA6, 0x0C, 0xFF, 0xF0, 0x09, 0x00, 0x0A, 0xFB, 0xE6, 0x0C, 0xFF, 0xD8,
  0x00, 0x00, 0x00, 0xF0, 0xF4, 0x0C, 0xFF, 0xD8, 0x00, 0x00, 0x00, 0xF0, 0xF4, 0x0C, 0xFF, 0xD8,
  0x00, 0x00, 0x00, 0xF0, 0xF4, 0x0C, 0xFF, 0xD8, 0x00, 0x00, 0x00, 0xF0, 0xF4, 0x0C, 0xFF, 0xD8,
  0x00, 0x00, 0x00, 0xF0, 0xF4, 0x0C, 0xFF, 0xD8, 0x00, 0x00, 0x00, 0xF0, 0xF4, 0x00, 0x00, 0x00,
  0x00, 0x00, 0x00, 0x00, 0x00, 0x00, 0x00, 0x00, 0x51, 0xFF, 0x33, 0x00, 0x00, 0x00, 0x00, 0x00,
  0x68, 0xFF, 0x16, 0x00, 0x00, 0x00, 0x00, 0x00, 0xB3, 0xB3, 0x00, 0x00, 0x00, 0x00, 0x00, 0x00,
  0x14, 0x16, 0x00, 0x00, 0x00, 0x00, 0x00, 0x57, 0xF8, 0x4B, 0x53, 0xFB, 0x60, 0x00, 0x00, 0x00,
  0x00, 0x00, 0x65, 0xF6, 0xF8, 0x65, 0x00, 0x00, 0x00, 0x00, 0x00, 0x00, 0x00, 0x40, 0x3E, 0x00,
  0x00, 0x00, 0x00, 0x00, 0x00, 0x61, 0xCC, 0xF6, 0xF8, 0xC5, 0x4C, 0x00, 0x00, 0x00, 0x7B, 0xFF,
  0xEF, 0xA7, 0xA8, 0xF5, 0xFF, 0x59, 0x00, 0x04, 0xF3, 0xFD, 0x26, 0x00, 0x00, 0x37, 0xFF, 0xE3,
  0x00, 0x09, 0xFF, 0xF4, 0x05, 0x00, 0x00, 0x00, 0x9A, 0xAC, 0x0C, 0x00, 0xBD, 0xFF, 0xB4, 0x2A,
  0x00, 0x00, 0x00, 0x00, 0x00, 0x00, 0x1A, 0xC8, 0xFF, 0xFF, 0xCD, 0x71, 0x0B, 0x00, 0x00, 0x00,
  0x00, 0x02, 0x4E, 0xB2, 0xF9, 0xFF, 0xE1, 0x2B, 0x00, 0x00, 0x00, 0x00, 0x00, 0x00, 0x12, 0x93,
  0xFF, 0xD1, 0x00, 0x42, 0xAC, 0x64, 0x00, 0x00, 0x00, 0x01, 0xE9, 0xFF, 0x13, 0x35, 0xFF, 0xDD,
  0x10, 0x00, 0x00, 0x1A, 0xF8, 0xFC, 0x0B, 0x00, 0x9D, 0xFF, 0xE9, 0xA6, 0xA4, 0xEB, 0xFF, 0x95,
  0x00, 0x00, 0x01, 0x61, 0xC6, 0xF5, 0xFA, 0xD3, 0x74, 0x04, 0x00, 0x00, 0x21, 0xDD, 0x98, 0x37,
  0xEC, 0x88, 0x00, 0x00, 0x00, 0x18, 0xD0, 0xFA, 0x68, 0x00, 0x00, 0x00, 0x00, 0x00, 0x00, 0x00,
  0x00, 0x00, 0x00, 0x00, 0x1D, 0xAD, 0xF2, 0xF8, 0xBD, 0x2D, 0x00, 0x01, 0xD3, 0xFD, 0x94, 0x8A,
  0xFA, 0xEC, 0x13, 0x1C, 0xFF, 0xBE, 0x00, 0x00, 0x8C, 0xFF, 0x68, 0x06, 0xE4, 0xFA, 0x89, 0x3C,
  0x26, 0x58, 0x2C, 0x00, 0x2A, 0xBB, 0xFE, 0xFF, 0xED, 0x7B, 0x01, 0x00, 0x00, 0x00, 0x15, 0x56,
  0xD0, 0xFF, 0x60, 0x45, 0xB8, 0x5B, 0x00, 0x00, 0x56, 0xFF, 0x8A, 0x1A, 0xF0, 0xF4, 0x8F, 0x7E,
  0xDF, 0xFF, 0x42, 0x00, 0x31, 0xB9, 0xF4, 0xFA, 0xCE, 0x55, 0x00, 0x00, 0x03, 0x08, 0x08, 0x08,
  0x08, 0x07, 0x00, 0x00, 0x00, 0x64, 0xFF, 0xFF, 0xFF, 0xFF, 0xE8, 0x00, 0x00, 0x00, 0x16, 0x38,
  0x38, 0x38, 0x38, 0x33, 0x00, 0x00, 0x00, 0x00, 0x00, 0x00, 0x00, 0x00, 0x00, 0x00, 0x00, 0xFF,
  0xF4, 0x00, 0x00, 0x00, 0x00, 0x74, 0xFF, 0x80, 0xFF, 0xF4, 0x00, 0x00, 0x00, 0x00, 0x74, 0xFF,
  0x80, 0xFF, 0xF4, 0x00, 0x00, 0x00, 0x00, 0x74, 0xFF, 0x80, 0xFF, 0xF4, 0x00, 0x00, 0x00, 0x00,
  0x74, 0xFF, 0x80, 0xFF, 0xF4, 0x00, 0x00, 0x00, 0x00, 0x74, 0xFF, 0x80, 0xFF, 0xF4, 0x00, 0x00,
  0x00, 0x00, 0x74, 0xFF, 0x80, 0xFF, 0xF4, 0x00, 0x00, 0x00, 0x00, 0x74, 0xFF, 0x80, 0xFF, 0xF4,
  0x00, 0x00, 0x00, 0x00, 0x74, 0xFF, 0x80, 0xF5, 0xFD, 0x06, 0x00, 0x00, 0x00, 0x83, 0xFF, 0x74,
  0xBD, 0xFF, 0x64, 0x00, 0x00, 0x0C, 0xD8, 0xFF, 0x3C, 0x39, 0xF8, 0xFE, 0xBB, 0xA5, 0xE4, 0xFF,
  0xAD, 0x00, 0x00, 0x33, 0xB4, 0xF1, 0xFD, 0xD8, 0x79, 0x05, 0x00, 0x00, 0x2C, 0xFF, 0xFF, 0xFF,
  0xFF, 0xFF, 0x24, 0x00, 0x0B, 0x40, 0x40, 0x40, 0x40, 0x40, 0x09, 0x00, 0x00, 0x00, 0x00, 0x00,
  0x00, 0x00, 0x00, 0x10, 0xFF, 0xD0, 0x00, 0x00, 0x00, 0xF0, 0xF4, 0x10, 0xFF, 0xD0, 0x00, 0x00,
  0x00, 0xF0, 0xF4, 0x10, 0xFF, 0xD0, 0x00, 0x00, 0x00, 0xF0, 0xF4, 0x10, 0xFF, 0xD0, 0x00, 0x00,
  0x00, 0xF0, 0xF4, 0x10, 0xFF, 0xD0, 0x00, 0x00, 0x00, 0xF0, 0xF4, 0x0F, 0xFF, 0xD0, 0x00, 0x00,
  0x00, 0xF1, 0xF4, 0x03, 0xFB, 0xE5, 0x01, 0x00, 0x0C, 0xFF, 0xF4, 0x00, 0xBA, 0xFF, 0xA4, 0x74,
  0xCC, 0xFF, 0xF4, 0x00, 0x20, 0xBF, 0xFA, 0xEB, 0x7F, 0xDB, 0xF4, 0x00, 0x00, 0x78, 0xF3, 0x30,
  0x65, 0xFC, 0x4A, 0x00, 0x00, 0x00, 0x00, 0x00, 0x98, 0xE8, 0xFA, 0x60, 0x00, 0x00, 0x00, 0x00,
  0x00, 0x00, 0x04, 0x74, 0x59, 0x00, 0x00, 0x00, 0x00, 0x54, 0xFF, 0xFF, 0xFF, 0xFF, 0xFF, 0xFF,
  0xFF, 0xF0, 0x00, 0x36, 0xA4, 0xA4, 0xA4, 0xA4, 0xA4, 0xD8, 0xFF, 0xC3, 0x00, 0x00, 0x00, 0x00,
  0x00, 0x00, 0x14, 0xEB, 0xF9, 0x28, 0x00, 0x00, 0x00, 0x00, 0x00, 0x00, 0xA8, 0xFF, 0x7C, 0x00,
  0x00, 0x00, 0x00, 0x00, 0x00, 0x50, 0xFF, 0xCF, 0x05, 0x00, 0x00, 0x00, 0x00, 0x00, 0x10, 0xE8,
  0xFC, 0x32, 0x00, 0x00, 0x00, 0x00, 0x00, 0x00, 0x9F, 0xFF, 0x85, 0x00, 0x00, 0x00, 0x00, 0x00,
  0x00, 0x46, 0xFF, 0xD8, 0x07, 0x00, 0x00, 0x00, 0x00, 0x00, 0x0D, 0xE1, 0xFE, 0x3A, 0x00, 0x00,
  0x00, 0x00, 0x00, 0x00, 0x96, 0xFF, 0x92, 0x00, 0x00, 0x00, 0x00, 0x00, 0x00, 0x38, 0xFF, 0xFF,
  0xAB, 0xA0, 0xA0, 0xA0, 0xA0, 0xA0, 0x12, 0x60, 0xFF, 0xFF, 0xFF, 0xFF, 0xFF, 0xFF, 0xFF, 0xFF,
  0x1C, 0x00, 0x39, 0xEA, 0x75, 0x5B, 0xF3, 0x5D, 0x00, 0x00, 0x00, 0x25, 0xD0, 0xDA, 0x3B, 0x00,
  0x00, 0x00, 0x00, 0x00, 0x00, 0x00, 0x00, 0x00, 0x00, 0x44, 0xFF, 0xFF, 0xFF, 0xFF, 0xFF, 0xFF,
  0x58, 0x27, 0x94, 0x94, 0x94, 0xA7, 0xFF, 0xF9, 0x29, 0x00, 0x00, 0x00, 0x00, 0xAC, 0xFF, 0x74,
  0x00, 0x00, 0x00, 0x00, 0x60, 0xFF, 0xBD, 0x02, 0x00, 0x00, 0x00, 0x22, 0xF2, 0xED, 0x1C, 0x00,
  0x00, 0x00, 0x03, 0xC5, 0xFF, 0x54, 0x00, 0x00, 0x00, 0x00, 0x7F, 0xFF, 0xA0, 0x00, 0x00, 0x00,
  0x00, 0x30, 0xFB, 0xFF, 0x9E, 0x90, 0x90, 0x90, 0x4A, 0x5C, 0xFF, 0xFF, 0xFF, 0xFF, 0xFF, 0xFF,
  0x84, 0x00, 0x00, 0x13, 0x18, 0x18, 0x18, 0x18, 0x18, 0x18, 0x18, 0x18, 0x18, 0x18, 0x18, 0x18,
  0x13, 0x00, 0x00, 0x00, 0xA6, 0xFF, 0xFF, 0xFF, 0xFF, 0xFF, 0xFF, 0xFF, 0xFF, 0xFF, 0xFF, 0xFF,
  0xFF, 0xFF, 0xFF, 0xA5, 0x00, 0x00, 0xF5, 0xFF, 0xFF, 0xFF, 0xFF, 0xFF, 0xFF, 0xFF, 0xFF, 0xFF,
  0xFF, 0xFF, 0xFF, 0xFF, 0xFF, 0xF3, 0x00, 0x00, 0xA4, 0xFF, 0xFF, 0xFF, 0xFF, 0xFF, 0xFF, 0xFF,
  0xFF, 0xFF, 0xFF, 0xFF, 0xFF, 0xFF, 0xFF, 0x9F, 0x00, 0x00, 0x0D, 0xBC, 0xFF, 0xFF, 0xFF, 0xFF,
  0xFF, 0xFF, 0xFF, 0xFF, 0xFF, 0xFF, 0xFF, 0xFF, 0xB7, 0x08, 0x00, 0x00, 0xA0, 0x0C, 0x77, 0xF9,
  0xFF, 0xFF, 0xFF, 0xFF, 0xFF, 0xFF, 0xFF, 0xFF, 0xF9, 0x77, 0x0C, 0xA0, 0x00, 0x00, 0xFF, 0xDB,
  0x3F, 0x2E, 0xD1, 0xFF, 0xFF, 0xFF, 0xFF, 0xFF, 0xFF, 0xD1, 0x2E, 0x42, 0xDC, 0xFF, 0x00, 0x00,
  0xFF, 0xFF, 0xFE, 0x95, 0x12, 0x87, 0xFE, 0xFF, 0xFF, 0xFD, 0x86, 0x14, 0x98, 0xFE, 0xFF, 0xFF,
  0x00, 0x00, 0xFF, 0xFF, 0xFF, 0xFF, 0xDF, 0x41, 0x40, 0xC6, 0xC7, 0x3F, 0x42, 0xE0, 0xFF, 0xFF,
  0xFF, 0xFF, 0x00, 0x00, 0xFF, 0xFF, 0xFF, 0xFF, 0xFF, 0xFE, 0xA0, 0x45, 0x46, 0xA2, 0xFE, 0xFF,
  0xFF, 0xFF, 0xFF, 0xFF, 0x00, 0x00, 0xFF, 0xFF, 0xFF, 0xFF, 0xFF, 0xFF, 0xFF, 0xFF, 0xFF, 0xFF,
  0xFF, 0xFF, 0xFF, 0xFF, 0xFF, 0xFF, 0x00, 0x00, 0xFF, 0xFF, 0xFF, 0xFF, 0xFF, 0xFF, 0xFF, 0xFF,
  0xFF, 0xFF, 0xFF, 0xFF, 0xFF, 0xFF, 0xFF, 0xFF, 0x00, 0x00, 0xC8, 0xFF, 0xFF, 0xFF, 0xFF, 0xFF,
  0xFF, 0xFF, 0xFF, 0xFF, 0xFF, 0xFF, 0xFF, 0xFF, 0xFF, 0xC5, 0x00, 0x00, 0x0A, 0x3F, 0x44, 0x44,
  0x44, 0x44, 0x44, 0x44, 0x44, 0x44, 0x44, 0x44, 0x44, 0x44, 0x3F, 0x09, 0x00, 0x00, 0x00, 0x00,
  0x00, 0x00, 0x3B, 0x88, 0x85, 0x0A, 0x00, 0x00, 0x00, 0x00, 0x00, 0x00, 0x00, 0x15, 0x1A, 0x00,
  0x9C, 0xFF, 0xFF, 0x38, 0x00, 0x2D, 0x00, 0x00, 0x00, 0x00, 0x1F, 0xE0, 0xEB, 0x6A, 0xDE, 0xFF,
  0xFF, 0xA7, 0x8D, 0xFE, 0x96, 0x00, 0x00, 0x00, 0xA8, 0xFF, 0xFF, 0xFF, 0xFF, 0xFF, 0xFF, 0xFF,
  0xFF, 0xFF, 0xFF, 0x42, 0x00, 0x00, 0x24, 0xF0, 0xFF, 0xFF, 0xFF, 0xFF, 0xFF, 0xFF, 0xFF, 0xFF,
  0xAF, 0x00, 0x00, 0x0E, 0x38, 0xEF, 0xFF, 0xFF, 0x8B, 0x1D, 0x33, 0xCA, 0xFF, 0xFF, 0xAE, 0x20,
  0x01, 0xFA, 0xFF, 0xFF, 0xFF, 0xC5, 0x00, 0x00, 0x00, 0x20, 0xFF, 0xFF, 0xFF, 0xFF, 0x9C, 0xFF,
  0xFF, 0xFF, 0xFF, 0xA2, 0x00, 0x00, 0x00, 0x03, 0xFA, 0xFF, 0xFF, 0xFF, 0xA4, 0x87, 0xB4, 0xFF,
  0xFF, 0xEB, 0x1A, 0x00, 0x00, 0x60, 0xFF, 0xFF, 0xEE, 0xAF, 0x56, 0x00, 0x00, 0xDE, 0xFF, 0xFF,
  0xEB, 0x98, 0xAE, 0xFE, 0xFF, 0xFF, 0x87, 0x00, 0x00, 0x00, 0x68, 0xFF, 0xFF, 0xFF, 0xFF, 0xFF,
  0xFF, 0xFF, 0xFF, 0xFF, 0xF1, 0x26, 0x00, 0x00, 0x6F, 0xFF, 0xFF, 0xE9, 0xFF, 0xFF, 0xFF, 0xF9,
  0xF0, 0xFF, 0xEF, 0x29, 0x00, 0x00, 0x00, 0x74, 0x88, 0x04, 0xAC, 0xFF, 0xFF, 0x55, 0x1D, 0xAC,
  0x34, 0x00, 0x00, 0x00, 0x00, 0x00, 0x00, 0x00, 0x7F, 0xFF, 0xFE, 0x26, 0x00, 0x00, 0x00, 0x00,
  0x00, 0x00, 0x00, 0x00, 0x00, 0x00, 0x02, 0x0C, 0x0A, 0x00, 0x00, 0x00, 0x00, 0x00, 0x00, 0x00,
  0x00, 0x00, 0x00, 0x39, 0x70, 0x4F, 0x08, 0x00, 0x00, 0x00, 0x00, 0x00, 0x00, 0x01, 0x9A, 0xFF,
  0xFF, 0xFF, 0xD8, 0x29, 0x00, 0x00, 0x00, 0x00, 0x00, 0x60, 0xFF, 0xFF, 0xFF, 0xFF, 0xFF, 0xD2,
  0x00, 0x00, 0x00, 0x00, 0x00, 0xAC, 0xFF, 0xFF, 0xFF, 0xFF, 0xFF, 0xFF, 0x1A, 0x00, 0x00, 0x00,
  0x00, 0x9D, 0xFF, 0xFF, 0xFF, 0xFF, 0xFF, 0xFD, 0x0C, 0x00, 0x00, 0x00, 0x00, 0x4A, 0xFF, 0xFF,
  0xFF, 0xFF, 0xFF, 0xB8, 0x00, 0x00, 0x00, 0x00, 0x00, 0x1D, 0x83, 0xFD, 0xFF, 0xFF, 0xCE, 0x33,
  0x06, 0x00, 0x00, 0x04, 0xA3, 0xFF, 0xB9, 0x5F, 0x64, 0x5E, 0x7D, 0xF6, 0xE4, 0x2B, 0x00, 0x62,
  0xFF, 0xFF, 0xFF, 0xFF, 0xFF, 0xFF, 0xFF, 0xFF, 0xFF, 0xC9, 0x00, 0xBC, 0xFF, 0xFF, 0xFF, 0xFF,
  0xFF, 0xFF, 0xFF, 0xFF, 0xFF, 0xFF, 0x26, 0xE9, 0xFF, 0xFF, 0xFF, 0xFF, 0xFF, 0xFF, 0xFF, 0xFF,
  0xFF, 0xFF, 0x57, 0xFA, 0xFF, 0xFF, 0xFF, 0xFF, 0xFF, 0xFF, 0xFF, 0xFF, 0xFF, 0xFF, 0x67, 0xE5,
  0xFF, 0xFF, 0xFF, 0xFF, 0xFF, 0xFF, 0xFF, 0xFF, 0xFF, 0xFF, 0x51, 0x6A, 0xFF, 0xFF, 0xFF, 0xFF,
  0xFF, 0xFF, 0xFF, 0xFF, 0xFF, 0xCE, 0x06, 0x00, 0x28, 0x44, 0x44, 0x44, 0x44, 0x44, 0x44, 0x44,
  0x3C, 0x08, 0x00, 0x00, 0x00, 0x00, 0x07, 0x5B, 0x89, 0x7A, 0x28, 0x00, 0x00, 0x00, 0x00, 0x00,
  0x00, 0x00, 0x00, 0x00, 0x00, 0x46, 0xE6, 0xFF, 0xFF, 0xFF, 0xF7, 0x49, 0x00, 0x00, 0x00, 0x00,
  0x00, 0x00, 0x00, 0x00, 0x56, 0xFC, 0xFF, 0xAE, 0x32, 0x63, 0xFB, 0xE0, 0x00, 0x00, 0x00, 0x00,
  0x00, 0x00, 0x00, 0x23, 0xF4, 0xFF, 0xFF, 0x14, 0x00, 0x00, 0xA9, 0xFF, 0x16, 0x00, 0x00, 0x00,
  0x00, 0x00, 0x00, 0x98, 0xFF, 0xC6, 0x83, 0x0F, 0x00, 0x00, 0xBC, 0xFF, 0x10, 0x00, 0x00, 0x00,
  0x00, 0x00, 0x00, 0xE0, 0xE3, 0x07, 0x00, 0x00, 0x68, 0x9A, 0xFF, 0xCD, 0x00, 0x00, 0x00, 0x00,
  0x00, 0x00, 0x00, 0xF4, 0xC8, 0x00, 0x00, 0x01, 0xED, 0xFF, 0xFF, 0x52, 0x00, 0x00, 0x00, 0x00,
  0x00, 0x00, 0x00, 0xC8, 0xFE, 0x5F, 0x13, 0x7F, 0xFF, 0xFF, 0xFF, 0x66, 0x00, 0x00, 0x65, 0x68,
  0x00, 0x00, 0x00, 0x42, 0xFA, 0xFF, 0xFF, 0xFF, 0xFC, 0xB7, 0xFF, 0xFE, 0x63, 0x00, 0xCF, 0xFF,
  0x6C, 0x00, 0x00, 0x00, 0x2D, 0x8D, 0xA8, 0x83, 0x26, 0x00, 0x78, 0xFF, 0xFE, 0x60, 0x42, 0xFF,
  0xFF, 0x65, 0x00, 0x00, 0x00, 0x00, 0x00, 0x00, 0x00, 0x00, 0x00, 0x77, 0xFF, 0xFD, 0xF0, 0xA2,
  0xD6, 0xD1, 0x00, 0x00, 0x00, 0x00, 0x00, 0x00, 0x00, 0x00, 0x00, 0x00, 0x76, 0xFF, 0xFF, 0x66,
  0x12, 0x12, 0x00, 0x00, 0x00, 0x00, 0x00, 0x00, 0x00, 0x00, 0x00, 0x00, 0x00, 0x76, 0xFF, 0xFE,
  0x64, 0x00, 0x00, 0x00, 0x00, 0x00, 0x00, 0x00, 0x00, 0x00, 0x00, 0x00, 0x00, 0x00, 0x75, 0xFF,
  0xFE, 0x1A, 0x00, 0x00, 0x00, 0x00, 0x00, 0x00, 0x00, 0x00, 0x00, 0x00, 0x00, 0x00, 0x00, 0x6B,
  0x9C, 0x04, 0x00, 0x00, 0x00, 0x08, 0x4A, 0x69, 0x52, 0x0F, 0x00, 0x00, 0x00, 0x00, 0x40, 0xE4,
  0xFF, 0xFF, 0xFF, 0xF0, 0x5C, 0x00, 0x00, 0x2E, 0xF6, 0xFF, 0xFF, 0xE8, 0xFD, 0xFF, 0xFE, 0x4D,
  0x00, 0xB1, 0xFF, 0xE4, 0x2D, 0x00, 0x1E, 0xD0, 0xFF, 0xD7, 0x00, 0xF1, 0xFF, 0x68, 0x00, 0x00,
  0x00, 0x44, 0xFF, 0xFF, 0x15, 0xF7, 0xFF, 0x5E, 0x00, 0x00, 0x00, 0x3A, 0xFF, 0xFF, 0x1A, 0xC2,
  0xFF, 0xD3, 0x15, 0x00, 0x0B, 0xB9, 0xFF, 0xE2, 0x01, 0x53, 0xFF, 0xFF, 0xF1, 0xC3, 0xEA, 0xFF,
  0xFF, 0x73, 0x00, 0x01, 0xD6, 0xFF, 0xFF, 0xFF, 0xFF, 0xFF, 0xED, 0x0C, 0x00, 0x00, 0x5E, 0xFF,
  0xFF, 0xFF, 0xFF, 0xFF, 0x7F, 0x00, 0x00, 0x00, 0x04, 0xDF, 0xFF, 0xFF, 0xFF, 0xF3, 0x12, 0x00,
  0x00, 0x00, 0x00, 0x69, 0xFF, 0xFF, 0xFF, 0x8B, 0x00, 0x00, 0x00, 0x00, 0x00, 0x07, 0xE7, 0xFF,
  0xF8, 0x19, 0x00, 0x00, 0x00, 0x00, 0x00, 0x00, 0x67, 0xFF, 0x88, 0x00, 0x00, 0x00, 0x00, 0x00,
  0x00, 0x00, 0x00, 0x11, 0x00, 0x00, 0x00, 0x00, 0x00, 0x03, 0x61, 0xB2, 0xC4, 0x9E, 0x35, 0x00,
  0x00, 0x00, 0x00, 0x00, 0x00, 0xAD, 0xFF, 0xF8, 0xE1, 0xFE, 0xFD, 0x79, 0x02, 0x00, 0x17, 0x9B,
  0x4E, 0xAD, 0x8C, 0x0A, 0x00, 0x27, 0xCD, 0xFF, 0xE3, 0xC5, 0xF3, 0xFF, 0x6A, 0x00, 0x1B, 0x63,
  0x75, 0x51, 0x11, 0x7C, 0xCF, 0xE1, 0xBC, 0x4F, 0x00, 0x70, 0xF9, 0xFF, 0xFF, 0xFF, 0xE1, 0x3C,
  0x00, 0x00, 0x02, 0x5A, 0x29, 0xDD, 0xC9, 0x44, 0x25, 0x68, 0xF0, 0xFD, 0xAF, 0x90, 0xCF, 0xFF,
  0x89, 0x07, 0x00, 0x25, 0x38, 0x13, 0x25, 0xB9, 0xFD, 0xFF, 0xF3, 0x8F, 0x08, 0x31, 0xD1, 0xFF,
  0xFF, 0xFC, 0x9F, 0x0A, 0x0D, 0x1D, 0x05, 0x13, 0x02, 0xE3, 0xFE, 0xAF, 0x8D, 0xCF, 0xFF, 0xD1,
  0x41, 0x1E, 0x67, 0xF3, 0x8A, 0x5E, 0x3D, 0x00, 0x00, 0x03, 0x83, 0xFE, 0xFF, 0xFF, 0xFF, 0xEA,
  0x35, 0x00, 0x00, 0x00, 0x00, 0x00, 0x00, 0x2C, 0x7F, 0x91, 0x6B, 0x10, 0x00, 0x00, 0x00, 0x00,
  0x00, 0x00, 0x00, 0x00, 0x00, 0x00, 0x36, 0x88, 0x7D, 0x19, 0x00, 0x00, 0x00, 0x00, 0x00, 0x00,
  0x00, 0x00, 0x00, 0x54, 0xFC, 0xFF, 0xFF, 0xE9, 0x1B, 0x00, 0x00, 0x00, 0x00, 0x00, 0x00, 0x00,
  0x00, 0xD9, 0xFF, 0xFF, 0xFF, 0xFF, 0x8E, 0x00, 0x00, 0x00, 0x00, 0x00, 0x00, 0x00, 0x2F, 0xFD,
  0xFF, 0xFF, 0xFF, 0xFF, 0xA8, 0x00, 0x37, 0x88, 0x7E, 0x1A, 0x30, 0xAE, 0xFE, 0xFF, 0xFF, 0xFF,
  0xFF, 0xFF, 0x60, 0x53, 0xFC, 0xFF, 0xFF, 0xF5, 0xFE, 0xFF, 0xF6, 0x91, 0xBA, 0xFF, 0xFA, 0x89,
  0x00, 0xD9, 0xFF, 0xFF, 0xFF, 0xFF, 0xF6, 0x8F, 0x18, 0x00, 0x00, 0x0F, 0x06, 0x00, 0x00, 0xF1,
  0xFF, 0xFF, 0xFF, 0xFF, 0xCF, 0x13, 0x00, 0x00, 0x00, 0x00, 0x00, 0x00, 0x00, 0xAB, 0xFF, 0xFF,
  0xFF, 0xFF, 0xFF, 0xF2, 0x86, 0x13, 0x35, 0x85, 0x77, 0x16, 0x00, 0x17, 0xBE, 0xFF, 0xFC, 0x99,
  0xB8, 0xFF, 0xFF, 0xF4, 0xFD, 0xFF, 0xFF, 0xE7, 0x1A, 0x00, 0x00, 0x11, 0x09, 0x00, 0x00, 0x37,
  0xB7, 0xFF, 0xFF, 0xFF, 0xFF, 0xFF, 0x8E, 0x00, 0x00, 0x00, 0x00, 0x00, 0x00, 0x00, 0x00, 0xF3,
  0xFF, 0xFF, 0xFF, 0xFF, 0xA9, 0x00, 0x00, 0x00, 0x00, 0x00, 0x00, 0x00, 0x00, 0xAD, 0xFF, 0xFF,
  0xFF, 0xFF, 0x61, 0x00, 0x00, 0x00, 0x00, 0x00, 0x00, 0x00, 0x00, 0x17, 0xBC, 0xFF, 0xFB, 0x8C,
  0x01, 0x00, 0x00, 0x00, 0x00, 0x00, 0x00, 0x00, 0x00, 0x00, 0x00, 0x11, 0x08, 0x00, 0x00, 0x00,
  0x00, 0x00, 0x57, 0x8B, 0x45, 0x00, 0x00, 0x00, 0x00, 0x00, 0x00, 0x00, 0x35, 0x89, 0x66, 0x03,
  0x00, 0x00, 0x00, 0x00, 0x77, 0xFF, 0xFF, 0xFF, 0x53, 0x00, 0x00, 0x00, 0x00, 0x00, 0x33, 0xFB,
  0xFF, 0xFF, 0x9A, 0x00, 0x00, 0x00, 0x00, 0xCE, 0xFF, 0xFF, 0xFF, 0xA9, 0x00, 0x16, 0x45, 0x30,
  0x00, 0x86, 0xFF, 0xFF, 0xFF, 0xF1, 0x00, 0x00, 0x00, 0x00, 0xA7, 0xFF, 0xFF, 0xFF, 0x84, 0x8C,
  0xFD, 0xFF, 0xFF, 0xB6, 0x67, 0xFF, 0xFF, 0xFF, 0xCB, 0x00, 0x00, 0x00, 0x00, 0x19, 0xB7, 0xEB,
  0xA5, 0x77, 0xFF, 0xFF, 0xFF, 0xFF, 0xFF, 0x8A, 0x90, 0xE9, 0xC6, 0x2A, 0x00, 0x00, 0x00, 0x8B,
  0xDA, 0x7A, 0x5A, 0x46, 0xC1, 0xFF, 0xFF, 0xFF, 0xFF, 0xFF, 0xE2, 0x36, 0x5C, 0x74, 0xCD, 0xAE,
  0x00, 0x00, 0xE2, 0xFF, 0xFF, 0xFF, 0xA5, 0xD0, 0xFF, 0xFF, 0xFF, 0xFF, 0xFF, 0xF1, 0x7D, 0xFF,
  0xFF, 0xFF, 0xFC, 0x09, 0x00, 0xFA, 0xFF, 0xFF, 0xFF, 0xE3, 0x89, 0xFF, 0xFF, 0xFF, 0xFF, 0xFF,
  0xA1, 0xC1, 0xFF, 0xFF, 0xFF, 0xFF, 0x1C, 0x00, 0xDA, 0xFF, 0xFF, 0xD8, 0x72, 0x2E, 0xA1, 0xFF,
  0xFF, 0xFF, 0xB9, 0x28, 0x6D, 0xC6, 0xFF, 0xFF, 0xF0, 0x0C, 0x00, 0x14, 0x57, 0x5F, 0x65, 0xF4,
  0xF9, 0x89, 0x4A, 0x55, 0x4F, 0x7A, 0xF2, 0xFB, 0x79, 0x5B, 0x5B, 0x1F, 0x00, 0x00, 0x00, 0x00,
  0x18, 0xF7, 0xFF, 0xFF, 0xFF, 0xFF, 0xFC, 0xFF, 0xFF, 0xFF, 0xFF, 0xFE, 0x35, 0x00, 0x00, 0x00,
  0x00, 0x00, 0x00, 0x69, 0xFF, 0xFF, 0xFF, 0xFF, 0xFF, 0xFF, 0xFF, 0xFF, 0xFF, 0xFF, 0xFF, 0x92,
  0x00, 0x00, 0x00, 0x00, 0x00, 0x00, 0x99, 0xFF, 0xFF, 0xFF, 0xFF, 0xFF, 0xFF, 0xFF, 0xFF, 0xFF,
  0xFF, 0xFF, 0xC2, 0x00, 0x00, 0x00, 0x00, 0x00, 0x00, 0xB0, 0xFF, 0xFF, 0xFF, 0xFF, 0xFF, 0xFF,
  0xFF, 0xFF, 0xFF, 0xFF, 0xFF, 0xD8, 0x00, 0x00, 0x00, 0x00, 0x00, 0x00, 0x99, 0xFF, 0xFF, 0xFF,
  0xFF, 0xFF, 0xFF, 0xFF, 0xFF, 0xFF, 0xFF, 0xFF, 0xC2, 0x00, 0x00, 0x00, 0x00, 0x00, 0x00, 0x28,
  0xE7, 0xFF, 0xFF, 0xFF, 0xFF, 0xFF, 0xFF, 0xFF, 0xFF, 0xFF, 0xF3, 0x45, 0x00, 0x00, 0x00, 0x00,
  0x00, 0x00, 0x00, 0x0A, 0x36, 0x40, 0x40, 0x40, 0x40, 0x40, 0x40, 0x40, 0x3A, 0x10, 0x00, 0x00,
  0x00, 0x00
};
